Material,Eg_eV,Density_g_cm3,DOS_at_Ef,Conductivity_Proxy,Log_Sigma,Regime
Cu,0.0,9.21899604714547,0.3054,2.8154813927982265,0.4495526614982574,Metal
AlCu,0.0,5.511280106531164,2.093,11.535109262969724,1.0620217126086091,Metal
CuCl2,0.0,3.261091609729422,1.3342,4.350948425700995,0.6385839353904448,Metal
CuI4,0.0,5.364724317171609,8.8901,47.69293565208732,1.6784540554660898,Metal
Ga2Cu,0.0,7.41154853982418,0.8119,6.017436259483251,0.7794114986549395,Metal
CuAu,0.0,14.86263662404068,0.6116,9.089988559263281,0.9585633366203697,Metal
TiCu,0.0,6.553558170638885,2.7167,17.804051482174657,1.250518841420161,Metal
CuO,0.0,6.155599921960791,2.3132,14.239133739479703,1.1534835691067415,Metal
Zr2Cu,0.0,7.041590575522222,1.5787,11.116559041576933,1.0459703789303192,Metal
Hf2Cu,0.0,12.635812480611495,1.2992,16.416447574810455,1.2152791841154493,Metal
Ti2Cu,0.0,5.792678466692911,1.3871,8.035024301149738,0.9049871945881879,Metal
CuF2,0.0,4.952617617703766,2.054,10.172676586763535,1.0074352374818007,Metal
CuP2,0.8679000000000001,4.365565051390864,0.0,2.235822657611556e-07,-6.650368446781232,Semiconductor
CuI,1.6471,5.728773114188356,0.0055,8.35526534044764e-14,-9.99963728694388,Semiconductor
CuPt,0.0,15.738806121418666,0.8162,12.846013556301916,1.1087683759894194,Metal
SrCu,0.0,4.017949455832926,3.6685,14.739847578723088,1.1684929926126992,Metal
BaCu,0.0,4.645765489442339,3.2649,15.167959746480292,1.1809271674451214,Metal
Zn3Cu,0.0,8.167119435897776,1.787,14.594642431949325,1.164193459263042,Metal
CuP10,1.0585,2.630580678955053,0.0,3.375632232501359e-09,-8.45896618384742,Semiconductor
CuBr,0.48709999999999903,5.264051278564948,0.0,0.0004261315282468583,-3.3704562304948857,Semiconductor
CuPd,0.0,10.660559077509308,1.5277,16.28613610271097,1.211818059859544,Metal
ScCu,0.0,5.29300627125541,1.3083,6.924840104683454,0.84040974995137,Metal
TbCu,0.0,8.953401420438828,1.0838,9.703696459471603,0.986937202945606,Metal
ErCu,0.0,9.753187214134323,0.9881,9.637124286286124,0.9839474599534438,Metal
HoCu,0.0,9.496984463605598,1.0079,9.572010640868083,0.9810031727361294,Metal
DyCu,0.0,9.252456033522664,1.0305,9.534655942545106,0.9793050261804931,Metal
TmCu,0.0,9.957644131369328,0.9632,9.591202827334936,0.9818730752165999,Metal
ZnCu,0.0,8.595904802600606,0.507,4.358123734918507,0.6392995564914431,Metal
CuPt7,0.0,19.904978425895916,11.2213,223.35973441050584,2.349004884538711,Metal
Al2Cu,0.0,4.15061559653069,0.8751,3.6322037085240066,0.5601701975171124,Metal
Be2Cu,0.0,5.10934824228532,0.882,4.506445149695652,0.653834089418685,Metal
CuSe2,0.0,6.278833065582114,3.0819,19.350735624817517,1.2866974795239132,Metal
CuTe,0.0,6.705417526165807,1.7067,11.444136091907183,1.0585830137309462,Metal
LaCu,0.0,6.831836988906524,1.2766,8.721523100038068,0.9405923354168664,Metal
PrCu,0.0,7.12807082768869,7.5263,53.64799947043339,1.7295535317985753,Metal
YCu,0.0,5.901584659026581,5.4888,32.392617876465096,1.5104460478373964,Metal
EuCu,0.0,7.117828859050266,4.7367,33.71501995666339,1.5278234210824988,Metal
Ca2Cu,0.0,2.604060467458636,9.3575,24.367495824244184,1.386810900315243,Metal
NdCu,0.0,7.412491979989147,3.0503,22.610324286560896,1.3543067912218485,Metal
YbCu,0.0,9.863450015456952,3.7605,37.091503783125866,1.5692744410805093,Metal
CaCu,0.0,3.642594156506216,19.1828,69.87515518542745,1.8443227854188933,Metal
SmCu,0.0,7.921232366646332,2.6353,20.87482365582308,1.3196228153851963,Metal
CuS,0.0,4.754606456722273,3.5574,16.914037009143815,1.2282472765267833,Metal
CuSe,0.0,6.043223434231278,4.0644,24.562077326089607,1.3902650942749046,Metal
Mg2Cu,0.0,3.515311242798812,3.513,12.349288395952225,1.0916419329340061,Metal
Cu(PtS2)2,0.1401,7.711976830434304,0.0,0.5131997925186008,-0.2897135277932422,Semiconductor
NdAl3Cu,0.0,5.089551753474695,1.335,6.794551590888718,0.8321608005850524,Metal
CeAl3Cu,0.0,4.980354881022077,8.6946,43.30219354853455,1.6365098968600256,Metal
PrAl3Cu,0.0,4.970010433727597,1.3555,6.736849142917758,0.828456822387785,Metal
LaAl3Cu,0.0,4.816332684604213,1.4551,7.008245689367591,0.8456093185752191,Metal
GdAl3Cu,0.0,5.496854317533845,1.5052,8.273865118751944,0.9177084367171217,Metal
TiCuNi,0.0,7.458024343143517,1.6629,12.401948680213355,1.093489929889271,Metal
SmAl3Cu,0.0,5.29894394453913,1.2753,6.757743212470753,0.8298016849999359,Metal
CuAuSe4,0.0,7.090108248170171,0.1259,0.8926446284446247,-0.0493214040223216,Metal
Cu(IO3)2,0.49990000000000007,5.346500569506531,0.0,0.00033788552602866367,-3.4712302831265958,Semiconductor
CuReO4,1.495299999999999,5.554785716703551,0.0,1.5266112390455547e-12,-9.99342010947965,Semiconductor
In5CuSe8,0.45480000000000004,5.338320496587291,0.0,0.0008071555699016123,-3.093042698165824,Semiconductor
AlCuBr4,2.1451000000000002,3.90662851528565,0.1085,3.73560753566969e-18,-9.999999983776464,Semiconductor
AlCuCl4,2.5112,2.618109351579225,0.0,2.1047686150258065e-21,-9.999999999990859,Semiconductor
GaCuCl4,1.8173,3.072597002824603,1.0385,1.6660059613550267e-15,-9.999992764688312,Semiconductor
Eu2CuTe4,0.0,7.273868107159447,3.6045000000000003,26.21865759225623,1.4186104518408373,Metal
YbGa3Cu,0.0,8.702399182794123,1.8339,15.959329861326143,1.2030146512004851,Metal
SmGa3Cu,0.0,7.8341061908518945,1.2746,9.985351750859824,0.9993633682362805,Metal
NdGa3Cu,0.0,7.5740154887527265,1.805,13.67109795719867,1.1358033951565374,Metal
LaGa3Cu,0.0,7.181441620912353,2.7465,19.72382941183578,1.2949912377358317,Metal
EuGa3Cu,0.0,7.5183693643355785,2.1887,16.45545502772128,1.2163098959491172,Metal
DyGa3Cu,0.0,8.318990921798845,1.0709,8.908807378154382,0.9498195689402997,Metal
CeGa3Cu,0.0,7.417516501630848,3.7194000000000003,27.588710876165777,1.440731407894764,Metal
Hf4CuSi4,0.0,10.090834867898057,3.5131,35.450111974412664,1.549617611305719,Metal
ScCuSe2,0.6646000000000001,5.312582327309131,0.0,1.388287806901333e-05,-4.8575173623963925,Semiconductor
NaCuO2,0.49970000000000003,4.344419879857045,0.0,0.00027562069232745743,-3.5596880231487766,Semiconductor
MnCuO2,0.17869999999999903,5.435675009466814,0.0,0.17144444839939108,-0.765876573104389,Semiconductor
CuAuO2,0.0,9.650563171907995,2.0515,19.798130347169252,1.2966241792411863,Metal
CuBS2,1.742499999999999,4.097111183417321,0.0004,9.440383792531907e-15,-9.99995900286923,Semiconductor
TlCuSe2,0.0,6.8821496151277834,0.2133,1.4679625129067562,0.16671496525159032,Metal
InCuTe2,0.0,5.934814121617388,0.0,0.0,-10.0,Metal
InCuS2,0.0,4.75031640288757,0.3561,1.6915876710682638,0.2282945112093725,Metal
InCuSe2,0.0,5.683753701601714,0.0834,0.47402505871358297,-0.3241986992187405,Metal
GaCuTe2,0.205799999999999,5.910200069415345,0.0,0.11036326371779916,-0.9571754644351468,Semiconductor
GaCuSe2,0.0398,5.545702568288753,0.0,2.5681797950915826,0.40962542489768305,Semiconductor
Cu(BO2)2,0.0,4.001008857091995,5.3638,21.460611307670046,1.3316420887301195,Metal
AlCuS2,1.6756,3.50773727814024,0.0815,2.947933611814968e-14,-9.999871991737002,Semiconductor
GaCuS2,0.7056,4.413158152577409,0.0,5.2180933328711455e-06,-5.282479834426354,Semiconductor
AlCuSe2,0.8921999999999991,4.7813858384767585,0.0,1.5304666591751735e-07,-6.814892453570995,Semiconductor
AlCuTe2,1.0186,5.249753008760489,0.0,1.457516724444741e-08,-7.83341694064752,Semiconductor
Ti4CuAg,0.0,6.220549317374229,3.9679,24.682517636409205,1.392389456004554,Metal
Tb2CuAg,0.0,9.14267230154522,2.0592,18.82659080334192,1.274771683303922,Metal
AlCuPt2,0.0,14.50983347572861,0.7504,10.888179040186749,1.0369552535958364,Metal
SrCuO2,0.0,5.7685415583261666,0.9448,5.450118064306562,0.7364059103802938,Metal
GaCuPt2,0.0,15.536142528775713,0.7424,11.534032213363089,1.0619811600200602,Metal
Ce2Ga12Cu,0.0,6.902222829828334,20.565,141.9442124954197,2.152117689693857,Metal
LaCuSb2,0.0,7.382214298930171,3.1564,23.30122121314319,1.3673786829262033,Metal
SmCuSb2,0.0,8.059209498098589,2.7701,22.3248162306829,1.3487878926317862,Metal
LuCuSb2,0.0,9.058148704220992,2.6593,24.088334849134885,1.381806779625436,Metal
HfCuGe2,0.0,10.000417442673173,3.4599,34.600444309904915,1.5390816756755645,Metal
ZrCuGe2,0.0,7.564415552916893,3.7863,28.641146608009233,1.4569904003539371,Metal
YCuAs2,0.0,6.707201083096394,1.8277,12.25875141957528,1.0884462386033549,Metal
DyCuAs2,0.0,8.40644725588043,1.7918,15.062672193086554,1.1779020247072118,Metal
ErCuAs2,0.0,8.663213180240628,1.7863,15.475097703863835,1.1896333996733124,Metal
TmCuAs2,0.0,8.769958882651643,1.7315,15.18518380531132,1.1814200530993788,Metal
BaCuS2,0.0,4.8143762295101205,3.8319,18.44820827385983,1.2659541930144187,Metal
PrCuSb2,0.0,7.599330496491842,2.6902,20.44371890166235,1.3105599008366737,Metal
NdCuSb2,0.0,7.765417793345012,2.8313,21.986227398297736,1.342150715462749,Metal
GdCuAs2,0.0,8.072680425256063,2.0465999999999998,16.521547758329056,1.2180507301186625,Metal
HfCuSi2,0.0,8.241939060802185,3.1019,25.565670772702298,1.4076571919033534,Metal
GdCuSb2,0.0,8.327511508805117,3.034,25.26566991771472,1.4025308180206406,Metal
DyCuSb2,0.0,8.597888943394357,2.5038,21.527394336470792,1.3329914662502464,Metal
HoCuSb2,0.0,8.713939673838917,2.5221,21.977427251389134,1.341976851150338,Metal
HoCuAs2,0.0,8.528849256662944,1.807,15.41163060678994,1.1878485910941483,Metal
TbCuSb2,0.0,8.475273673682075,2.5964,22.00520056634814,1.3425253312949976,Metal
YbCuAs2,0.0,8.92203818592041,4.0297,35.95313727780348,1.5557367929952248,Metal
CeCuSb2,0.0,7.653613243306524,12.260800000000001,93.83942125353265,1.972385320642758,Metal
TbCuAs2,0.0,8.242240697487944,1.7774,14.649758615715072,1.1658304688755763,Metal
Cu(BiO2)2,0.0,8.675057944387532,31.33,271.78956539766136,2.4342327791913143,Metal
CuPS3,1.1555,3.013374958658294,0.0,5.922833211861228e-10,-9.159716131488503,Semiconductor
Li3CuO3,1.178,3.31291605561265,0.0,4.213863439542703e-10,-9.28284034797201,Semiconductor
Rb2CuF4,0.0,4.420166370701942,0.8824000000000001,3.900354805507394,0.5911041155158913,Metal
Cs2CuF4,0.0,5.107720730698676,1.0357,5.2900663607846194,0.723461120047518,Metal
Tl2CuF4,0.0,7.8113830578741394,1.1156,8.714378939364389,0.9402364410415719,Metal
HfCuGe,0.0,11.02678333030265,1.5844,17.47083550853152,1.2423136747660821,Metal
La2CuO4,0.0,6.721571458851243,2.3406,15.73251015658722,1.1967980207940212,Metal
Pr2CuO4,0.0,6.9636096800251455,0.7549,5.256828947450982,0.7207238456995495,Metal
Gd2CuO4,0.0,8.214409459374604,3.1703,26.042142309055308,1.415676707806104,Metal
LiCuO,1.4376,4.2894703998712185,0.0,3.5988271078922573e-12,-9.98464516141949,Semiconductor
NaCuO,1.2722,3.837715995425951,1.1737,7.892897646440253e-11,-9.74731932237526,Semiconductor
RbCuO,0.9215000000000001,4.192598702920158,0.0,7.614215609100694e-08,-7.117804830559834,Semiconductor
Sr2CuO4,0.0,5.521676770588147,4.34,23.964077184352558,1.379560709713514,Metal
KCuO,1.029399999999999,3.359754678548887,0.0,7.569360993327299e-09,-8.115240819705884,Semiconductor
NdCuS2,1.0776,5.675716213524164,0.6231,5.0336013974034686e-09,-8.289577855498747,Semiconductor
LaCuSe2,0.8712000000000001,6.411909168631721,0.0,3.0807987259636085e-07,-6.511195728712266,Semiconductor
PrCuSe2,0.745499999999999,6.593966218591812,0.0,3.603610907356272e-06,-5.443250055755048,Semiconductor
SmCuSe2,0.8167999999999991,7.048720440069294,0.0,9.699771175081947e-07,-6.013193739571901,Semiconductor
MnCuSe4,0.0,5.916126306708771,6.2661999999999995,37.071630663098496,1.5690416896835495,Metal
TbCuSe2,0.8242,7.461167152896162,0.0,8.898071670723217e-07,-6.050655295524787,Semiconductor
PrCuS2,1.0678,5.511875987223327,0.0,5.908542065499649e-09,-8.221230894007237,Semiconductor
KCuCl3,0.268199999999999,2.872467970229371,0.0,0.016043535075980022,-1.7946999291780041,Semiconductor
Rb3CuO2,1.4422000000000001,4.116188534417284,0.0,3.1594484804079374e-12,-9.986490988389042,Semiconductor
Ga2CuCl8,0.5977,2.628110642978884,1.8588,2.5049336145991095e-05,-4.601202045502951,Semiconductor
CuSe2Br,0.8486,4.720447722011455,0.4669,3.5116036145365614e-07,-6.454370856109561,Semiconductor
CuTe2Cl,0.5968999999999991,5.137125112962343,0.3754,4.9727078260852057e-05,-4.303406183850619,Semiconductor
CuTe2Br,0.7460999999999991,5.438343208333977,0.0,2.9377688313248936e-06,-5.531967598301879,Semiconductor
CuTe2I,0.8277999999999991,5.578052191083276,0.0,6.204841539955163e-07,-6.207199317891665,Semiconductor
CuSe2Cl,0.8067000000000001,4.31560000952706,0.0,7.219967078304609e-07,-6.1414046350279135,Semiconductor
La2CuS4,1.6332,5.033170466092383,0.0,9.605150124198503e-14,-9.999583053839803,Semiconductor
Na2CuF4,0.9147000000000001,3.719826018700392,0.0,7.705244202399366e-08,-7.112650323123055,Semiconductor
NdCuSe2,0.7529,6.752868473213077,0.0,3.198286706887573e-06,-5.495069028233891,Semiconductor
LaCuS2,1.234599999999999,5.353256881280149,0.0,2.2784119771450248e-10,-9.484336472315716,Semiconductor
SmCuS2,1.1678,5.970398891720823,0.0,9.250308794928228e-10,-8.989263051104489,Semiconductor
GdCuS2,0.9113000000000001,6.249125134903366,1.1353,1.3824325572110287e-07,-6.859042008004802,Semiconductor
GdCuSe2,0.6894,7.322698829787978,0.0,1.1844536265314607e-05,-4.926478271403202,Semiconductor
TbCuS2,1.1832,6.396229210596204,0.82,7.357200425831871e-10,-9.077939182278316,Semiconductor
CeCuS2,0.0,5.51619991556776,0.3712,2.0476134086587523,0.3112479648569479,Metal
SrCuF4,0.8036000000000001,4.443780052704627,2.4971,7.893824294948676e-07,-6.1026575310874,Semiconductor
CaCuF4,0.7392000000000001,3.984098938317803,0.0,2.459478635927873e-06,-5.609139287923263,Semiconductor
KCuF3,0.0,4.008852461531502,2.3529,9.432428956737471,0.9746235428664437,Metal
RbCuF3,0.0,4.8308806611218085,3.3074,15.977654698594268,1.2035130311627953,Metal
CdCuF4,0.7327,5.703995423592497,0.0,3.99295052202592e-06,-5.39869519486495,Semiconductor
Li2CuSn2,0.0,5.568732522318411,1.4333,7.981664324238979,0.9020934592093748,Metal
Cu(PO3)2,0.0,3.449100203998503,19.9587,68.83955624154493,1.8378380620851265,Metal
BaCuN,0.0,5.684816048001979,0.0,0.0,-10.0,Metal
CuSe2O5,0.0,4.479186322604868,0.5398,2.4178647769421073,0.38343200858984905,Metal
LuCuS2,1.461999999999999,6.521776914959418,0.0,3.413158152267635e-12,-9.9854241986758,Semiconductor
Y2Ga3Cu,0.0,6.316414596769003,1.4305,9.03563108067806,0.9559584906355382,Metal
Tm2Ga3Cu,0.0,8.97204428219803,1.1231,10.076502933336608,1.0033098356586803,Metal
Sm2Ga3Cu,0.0,7.6544222724434015,1.1886,9.098046313026227,0.9589481432527808,Metal
Lu2Ga3Cu,0.0,9.328636591322004,1.1342,10.580539621877419,1.0245078178759908,Metal
Ho2Ga3Cu,0.0,8.639093087533434,1.131,9.770814282000314,0.9899307585485256,Metal
Dy2Ga3Cu,0.0,8.465761351736115,1.1474,9.713614574982017,0.9873808671794404,Metal
Er2Ga3Cu,0.0,8.830465412329717,1.1493,10.148853898390543,1.0064170005088187,Metal
DyCuSe2,1.066799999999999,6.941485983159829,0.0,7.58636310121876e-09,-8.114279103461191,Semiconductor
ScCuS2,0.8709000000000001,3.9516867549820693,0.0,1.9097589758517996e-07,-6.718794091625887,Semiconductor
Hf2Al3Cu,0.0,8.492922663029153,5.3677,45.58746097834159,1.658845404578383,Metal
PrCuO2,2.3609,5.571204320101684,0.0,8.198374721185326e-20,-9.999999999643949,Semiconductor
SmCuO2,2.5136000000000003,6.187179739135558,0.2002,4.7484146646431435e-21,-9.999999999979378,Semiconductor
CuRhO2,0.6553000000000001,7.024418962510328,0.0,2.1973885024034836e-05,-4.658091175805544,Semiconductor
LaCuO2,2.521599999999999,5.396420033751985,0.0,3.547802292203341e-21,-9.999999999984592,Semiconductor
NdCuO2,2.411499999999999,5.785143714607559,0.0,3.199179857981895e-20,-9.99999999986106,Semiconductor
FeCuO2,0.8043999999999991,6.216869178480445,0.0,1.0873926790612587e-06,-5.963573658009187,Semiconductor
CrCuO2,1.5391,5.600365259676549,0.0,6.59698093783815e-13,-9.99714437650594,Semiconductor
LaCuO3,0.0,7.264223278768729,2.2134,16.078631805226706,1.2062490901414462,Metal
HfCuSn,0.0,10.906548173599896,2.0546,22.40859387747835,1.3504146057377482,Metal
HoCuSn,0.0,9.103584240360748,0.7731,7.037980976222895,0.8474480886018785,Metal
LaCuPb,0.0,8.92889758653812,0.8293,7.404734768516064,0.8695095070720248,Metal
CeCuPb,0.0,9.335108442515423,1.7034,15.901423720980773,1.2014360102656207,Metal
TbCuSn,0.0,8.753420151860084,0.8124,7.111278531371132,0.8519476892311791,Metal
ErCuSn,0.0,9.267653759432017,0.7647,7.086974829837664,0.8504608903262699,Metal
SmCuSn,0.0,8.190364463194015,0.8278,6.779983702632006,0.8312286499405048,Metal
LuCuSn,0.0,9.7213137402337,0.8323,8.09104942599651,0.9080048541716158,Metal
YCuSn,0.0,6.973223810562701,0.7436,5.185289225534425,0.7147729855261922,Metal
ScCuSn,0.0,6.567402923261273,1.0133,6.654749382140649,0.8231317045951537,Metal
HoCuPb,0.0,10.954842110774246,0.8831,9.674221068024737,0.9856160073412239,Metal
ErCuPb,0.0,11.120466379298362,0.8568,9.528015593782836,0.9790024592568082,Metal
LuCuPb,0.0,11.60192269200584,0.8902,10.328031580423598,1.014017557223717,Metal
DyCuGe,0.0,8.878226387718664,0.8078,7.1718312759991365,0.8556300638347849,Metal
TbCuPb,0.0,10.606853655969603,0.865,9.174928412413706,0.96260268434957,Metal
SmCuPb,0.0,9.995658558872256,0.9,8.996092702985031,0.954053922111621,Metal
TmCuPb,0.0,11.267945011007107,0.9092,10.244815604007663,1.0105041459642299,Metal
NdCuSn,0.0,7.785120658370407,0.866,6.741914490148773,0.8287832399309317,Metal
YCuPb,0.0,8.888407541791981,0.9096,8.084895500013985,0.9076744108822278,Metal
GdCuSn,0.0,8.551945769526814,0.9927999999999999,8.49037175998622,0.9289267067126548,Metal
DyCuPb,0.0,10.800308080722255,0.8301,8.965335737807543,0.9525665578569763,Metal
DyCuSn,0.0,8.965700807449014,0.8679,7.781331730784999,0.891053930393301,Metal
YbCuGe,0.0,9.653174900457682,3.3433,32.27345964470017,1.5088455233249016,Metal
TbCuGe,0.0,8.602249565996697,0.9488,8.161814388217666,0.911786714053277,Metal
HoCuGe,0.0,9.065437933337053,0.8752,7.934071279256589,0.8994960978386844,Metal
ErCuGe,0.0,9.255115748523878,0.7811,7.229170911172001,0.8590884924112242,Metal
YCuGe,0.0,6.416389391788753,1.6447,10.553035632674963,1.0233774045558814,Metal
Th2CuSi3,0.0,8.391775712555944,2.6671,22.381705002957958,1.3498931673225785,Metal
TbCuNi4,0.0,9.424735648377471,7.143,67.32088673636028,1.8281498277763848,Metal
SmCuGe,0.0,7.837566848297742,1.955,15.322443188422087,1.1853280197805773,Metal
PrCuGe,0.0,7.194508075590287,1.6059,11.553660518590442,1.0627196025142507,Metal
NdCuGe,0.0,7.4307338487219035,1.7782,13.213330929797289,1.1210123120976792,Metal
LaCuGe,0.0,6.90104239426094,1.7062,11.774558533088015,1.0709446329818617,Metal
LaCuNi4,0.0,8.537709982919951,7.5932,64.82853944230777,1.8117662372554082,Metal
La2CuSi3,0.0,5.499465818383142,3.547,19.506605257805006,1.2901816955329113,Metal
ScCuGe,0.0,6.219505853922548,1.7872,11.115500862130377,1.0459290366978102,Metal
HoAlCu,0.0,7.598767329735023,5.1387,39.04778567730936,1.5915964109316572,Metal
YbAlCu,0.0,8.098907581723852,5.4073,43.793222966655385,1.641406908315437,Metal
ErAlCu,0.0,7.774684786148579,5.2012,40.43769050971599,1.6067863440632717,Metal
PrAlCu,0.0,6.165468876521941,7.5633,46.631290753798396,1.6686774368899895,Metal
Zr6CuBi2,0.0,8.441075627043086,8.3183,70.2153993884325,1.8464323704778254,Metal
DyCdCu,0.0,9.152751017069876,6.0265,55.15905400437161,1.7416168092775453,Metal
DyAlCu,0.0,7.460746875978655,5.5522,41.42355880480869,1.617247407520741,Metal
TbAlCu,0.0,7.268007839302572,5.5381,40.25095421484158,1.6047761804895146,Metal
YAlCu,0.0,5.230648650460083,5.3872,28.178550409758557,1.449918647921949,Metal
PrInCu,0.0,7.716491609511339,6.5035,50.18420318245699,1.7005670328762548,Metal
NdAlCu,0.0,6.358671702401698,7.2183,45.89879994944618,1.661801330807343,Metal
DyInCu,0.0,9.095588722396618,3.6876,33.54089297270977,1.5255746208222813,Metal
GdAlCu,0.0,7.08767615337136,6.2309,44.16260134404161,1.6450546470610956,Metal
YInCu,0.0,7.055246317406443,3.8391,27.085796137155075,1.4327416053998767,Metal
SmInCu,0.0,8.333537167152638,4.5978,38.3159371871344,1.5833794526322766,Metal
YMgCu,0.0,4.599471291917196,7.2676,33.42711756113741,1.524098928754688,Metal
ScCuSi,0.0,4.891050745668054,1.7799,8.70558122221457,0.9397977718022769,Metal
TbInCu,0.0,8.9031544605295,4.2436,37.78142626870298,1.5772783487414255,Metal
CeInCu,0.0,7.756271759868525,54.5682,423.24578864685765,2.6265926455134316,Metal
NdInCu,0.0,7.945870637790328,6.0392,47.98670195574335,1.6811209026392828,Metal
HoInCu,0.0,9.239731212085344,3.9191,36.21143059328367,1.5588456826888561,Metal
ErInCu,0.0,9.41893328203112,4.3687,41.14849382920935,1.614353943227727,Metal
LaMg4Cu,0.0,3.580800629958529,13.7879,49.3717210058052,1.693478266177216,Metal
TmAlCu,0.0,7.897391916769192,5.7521,45.426588044448074,1.6573101185211625,Metal
SmAlCu,0.0,6.729571502147638,6.2492,42.05443823122102,1.6238118359878873,Metal
CsCuSe4,1.1049,4.695883409828323,0.0,2.4561099668808253e-09,-8.592420466248294,Semiconductor
CsCuS4,1.7757,3.353355744998353,25.5635,4.06539014264861e-15,-9.999982344593821,Semiconductor
RbCuSe4,1.0105,4.624422693809937,2.1529,1.5016698747090823e-08,-7.820543041669541,Semiconductor
Hf5CuSb3,0.0,12.205719922767885,9.7164,118.59565705758189,2.0740687855677202,Metal
Zr5CuSn3,0.0,7.641932226413275,13.8105,105.53890501288053,2.0234125839733084,Metal
Zr5CuBi3,0.0,9.632165343478698,11.8561,114.1999155288178,2.05766578267219,Metal
Ti5CuSb3,0.0,7.035897342643713,10.0909,70.99853649488344,1.8512493966246575,Metal
Zr5CuSb3,0.0,7.85003125516819,11.643699999999999,91.40340892580184,1.96096239321852,Metal
Zr5CuPb3,0.0,9.629501073623208,13.5626,130.60107126112212,2.1159467392738893,Metal
Ti5CuSn3,0.0,6.801206518510108,19.0454,129.5316986276324,2.11237606073014,Metal
Hf5CuSn3,0.0,11.940486899450683,14.4034,171.98360900754795,2.2354870582055852,Metal
Hf5CuPb3,0.0,13.842193614780332,13.1373,181.84905017545364,2.2597110370124347,Metal
GdCuPb,0.0,10.290520401096408,1.6852,17.341584979927667,1.2390887884471284,Metal
HfGaCu,0.0,10.857430294161636,4.6649,50.64882657923462,1.7045693881756054,Metal
PrCuSn,0.0,7.414544520108704,1.812,13.435154670436972,1.1282426705588458,Metal
SrCuSb,0.0,5.770652860582183,0.0207,0.11945251421405119,-0.9228047045057646,Metal
TmCuSn,0.0,9.312576522586191,2.2591,21.038041622174465,1.323005309995747,Metal
ZrGaCu,0.0,7.53913945780284,6.2697,47.26814265858646,1.674568537591023,Metal
TmCuGe,0.0,9.286435258032816,1.6621,15.434984042376342,1.1885061848211558,Metal
GaCuO2,0.7812999999999991,6.267888091990467,0.0,1.7138877737085035e-06,-5.765992280329897,Semiconductor
BaCuSb,0.0,6.07153002268135,0.4916,2.9847641591501515,0.47491002109932984,Metal
Li2CuP,0.0,3.385050587522955,0.758,2.5658683453423996,0.409234368985625,Metal
SrCuSi,0.0,4.390374614886577,5.4151,23.7743175770723,1.376108059711579,Metal
SrCuAs,0.0038000000000000004,5.592695739863697,0.0,0.0,-10.0,Metal
K5CuAs2,0.252499999999999,2.543655837878724,0.0,0.01924808913443514,-1.7156123766037241,Semiconductor
Li2CuAs,0.0,4.303285912931473,0.5954,2.5621764325593994,0.40860903215814887,Metal
BaCuP,0.0,5.453052742222389,0.8113,4.424061689765024,0.645821174214629,Metal
SrCuP,0.0,4.872279331606139,0.6463,3.1489541320170473,0.4981663347192554,Metal
LaCuSn,0.0,7.073963348174437,1.2683,8.971907714489639,0.9528847977630693,Metal
CeCuGe,0.0,7.227443362029295,6.399,46.24841007362546,1.6650968071706955,Metal
EuCuP,0.0,6.988527246866884,1.7405,12.16353167317181,1.085059690358211,Metal
EuCuAs,0.0,7.580366129261105,1.5758,11.94514094648965,1.077191278570199,Metal
EuCuSb,0.0,7.540042088343518,1.4316,10.79432425367258,1.0331954598204547,Metal
CeCuSi,0.0,6.269769289714191,3.0934999999999997,19.395531297730848,1.2877016806391355,Metal
CeCuSn,0.0,7.424473633912525,3.8218,28.37485333408689,1.4529336253970229,Metal
AlCuO2,1.8148,5.146334199359751,13.1656,2.928664577143791e-15,-9.999987281157594,Semiconductor
ScCuO2,2.3309,4.5624290881974545,0.0,1.1994529290476326e-19,-9.999999999479083,Semiconductor
CaCuAs,0.0,4.9695828633385055,0.4361,2.1672350867019223,0.3359060231625762,Metal
HoCuSi,0.0,7.833052538824928,2.2323,17.485723182418887,1.2426835987660791,Metal
LaCuSi,0.0,5.939731832134279,1.3355,7.932511861815329,0.8994107301970349,Metal
DyCuSi,0.0,7.6597324399538955,2.3664,18.125990845906898,1.2583017563294554,Metal
TbCuSi,0.0,7.447623200863028,2.3187,17.268803915841104,1.2372622581988655,Metal
CaCuSb,0.0,5.335009201296573,0.2377,1.2681316871481954,0.10316435455175961,Metal
GdCuSi,0.0,7.230346898501586,1.8437999999999999,13.331313611457224,1.124872945073476,Metal
KCuSe,0.17619999999999902,4.193632532722193,0.0,0.13882286933252608,-0.8575389830871454,Semiconductor
KCuTe,0.6037,4.454191569724245,0.0,3.780243598940368e-05,-4.422479064468048,Semiconductor
PrCuSi,0.0,6.218508410355489,2.1143,13.14779233201461,1.118852835831784,Metal
NdCuSi,0.0,6.446826649247078,3.7571,24.221372403886196,1.3841987470065424,Metal
SmCuSi,0.0,6.843015822548129,2.2654,15.50216804440053,1.1903924403585981,Metal
ErCuSi,0.0,8.015376183356205,1.8981,15.213985533628412,1.182242998968763,Metal
TmCuSi,0.0,8.164561489736128,2.1638,17.666478151491035,1.2471499806456219,Metal
YbCuSi,0.0,8.36982508721345,3.7053000000000003,31.012712895651998,1.491539758630784,Metal
LuCuSi,0.0,8.513882262879166,1.9625,16.708493940900365,1.2229373055133628,Metal
YCuSi,0.0,5.378919448929915,2.5379,13.651159669439233,1.1351695463723075,Metal
CaCuP,0.0,4.058283794338192,0.4693,1.9045525846829134,0.2797929680527693,Metal
BaCuAs,0.0,6.025346587761634,0.4939,2.975918679695471,0.4736210594683887,Metal
CuPdF6,0.0,4.989299945901035,10.318200000000001,51.480594701796065,1.7116435552148672,Metal
NaCuF3,0.080899999999999,4.130392555139203,0.0421,0.8637909866046789,-0.06359133194497356,Semiconductor
CuMoF6,0.0,4.4566277193511254,5.5116,24.563149337975663,1.3902840486443127,Metal
CuAuF5,0.0,6.202927711327081,3.7106999999999997,23.017203858421396,1.3620525641864036,Metal
CuPtF6,0.0814,6.431113981846667,0.0,1.3319974872974563,0.12450340560721833,Semiconductor
CuSnF6,0.099499999999999,4.758137135211362,0.0,0.6943989946655331,-0.15839091652986229,Semiconductor
CsCuBr3,0.37359999999999904,4.6177024278199355,0.0,0.0033580046422394417,-2.4739186948784444,Semiconductor
MgCuSn,0.0,5.807460810759918,1.0542,6.122225186703106,0.7869092997120476,Metal
Zr4CuS8,0.0,4.02370091823183,4.1996,16.897934376206393,1.227833619181709,Metal
Li2CuSn,0.0,5.364250590732608,1.0702,5.740820982202037,0.7589740043470532,Metal
MgCuSb,0.0,5.889066584427939,0.4405,2.594133830440507,0.4139923774404214,Metal
Al5CuS8,1.4217,3.072380860125777,0.0,3.5058781087512547e-12,-9.985034985881406,Semiconductor
CuNi3N,0.0,8.300429841600447,7.4183,61.575078693944604,1.7894049755475596,Metal
AcCuO3,0.0,9.380470938074593,1.3604,12.761192664156678,1.105891265552855,Metal
Gd2CuRu,0.0,9.699931717811413,2.7560000000000002,26.733011814288258,1.427047890319737,Metal
Hf2CuTc,0.0,12.699539043656506,2.7465,34.879283983402594,1.5425675609736738,Metal
Lu2CuPd,0.0,11.135611604012597,2.703,30.099558165646048,1.478560120590961,Metal
Lu2CuAu,0.0,12.51238754877595,1.8984,23.753516522596264,1.3757279126283128,Metal
Lu2CoCu,0.0,10.776781500812465,2.7548,29.687877678438177,1.4725791519428106,Metal
Pm2CoCu,0.0,7.92961724984615,3.4776999999999996,27.576829909789954,1.4405443404558176,Metal
Pm2CuAu,0.0,9.659018181251714,3.5853,34.630477885241774,1.5394584846633768,Metal
Pm2GaCu,0.0,7.428723559548467,4.1978,31.184295758272555,1.49393594073263,Metal
Pm2CuNi,0.0,8.01003660800462,3.915,31.35929332033809,1.4963662673257856,Metal
Pm2CuPd,0.0,8.420757348212552,4.177,35.173503443483824,1.5462156282099786,Metal
Sc2CuPd,0.0,6.161162689220916,3.2537,20.046575041918093,1.302040184067938,Metal
Zn2CuRh,0.0,9.514063225634482,1.6486,15.684884633781008,1.1954813287045871,Metal
Rb2CuF6,0.0,3.921801136530539,22.1927,87.03535608268129,1.9396957104627082,Metal
Zr2CuTc,0.0,8.145865890188896,3.74,30.46553842930647,1.4838088579849837,Metal
CuSnRh2,0.0,11.01818136610919,1.801,19.84374464036265,1.297623629674794,Metal
Ac2CuIr,0.0,11.322189909338377,2.9538,33.4434845542037,1.5243115212749019,Metal
Sc2CuRu,0.0,6.366075492198763,2.506,15.953385183450099,1.2028528510638008,Metal
Sc2GaCu,0.0,5.158506511345528,2.7702,14.290094737729381,1.1550351080058157,Metal
GaCuRh2,0.0,10.740819701511642,3.3372,35.844263507884655,1.5544196613658203,Metal
Ac2CuGe,0.0,8.59830517904435,4.2588,36.61846209651408,1.5637001008346205,Metal
Er2CuRu,0.0,10.81218671012835,2.4016,25.966547603044248,1.4144142116018366,Metal
Pm2CuGe,0.0,7.6263809943922745,3.7993,28.97490931199457,1.4620220853494028,Metal
Pm2CuIr,0.0,10.4234059651383,2.8641,29.853677024752606,1.4749978300467907,Metal
Pm2CuOs,0.0,10.496335240784758,2.7777,29.15567039832782,1.4647230319340665,Metal
Pm2CuPt,0.0,10.126127681546036,3.8716,39.20431593187363,1.5933338803434876,Metal
Pm2CuRh,0.0,8.715435348856918,3.1942,27.838843591318767,1.4446511909853454,Metal
Pm2CuRu,0.0,8.779469718083796,2.6501,23.266472699893868,1.3667305473158136,Metal
Pm2CuSn,0.0,7.618201703433982,4.0325,30.72039836909753,1.4874268431440605,Metal
ZnCuAu2,0.0,14.424517760435608,1.1548,16.65743310975104,1.221608077976139,Metal
ZnCuPd2,0.0,10.467508887322737,0.6562,6.86877933186118,0.8368795643527064,Metal
Zr2CuOs,0.0,10.339658274892413,2.5496,26.361992737665695,1.4209782360549392,Metal
MnCuPd2,0.0,9.76875730058069,12.9834,126.83168353635932,2.10322775722263,Metal
Dy2CuRu,0.0,10.303921971392505,2.4846,25.601124530121815,1.4082590421299712,Metal
Tm2CuOs,0.0,12.960889435079894,2.414,31.287587096282866,1.4953720715791505,Metal
Be2CuRh,0.0,7.619871894724433,1.3679,10.423222764793552,1.0180020195979789,Metal
Tm2CuRu,0.0,11.026045312266545,2.3581,26.00051745085574,1.4149819911961456,Metal
Pm2CuSi,0.0,6.92772832187417,3.2048,22.20198372594234,1.3463917799814764,Metal
Y2CuRu,0.0,7.09276266639821,2.5962,18.414230434503033,1.265153573585226,Metal
Lu2CuRu,0.0,11.610864292401095,2.3138,26.865217799757655,1.429190365801527,Metal
Lu2CuIr,0.0,13.48360554137356,2.0007,26.976649606626083,1.4309880110266373,Metal
Lu2CuOs,0.0,13.59996652257821,2.4085,32.75551936962962,1.515284489972184,Metal
Yb2CuIr,0.0,13.202224401003223,0.0457,0.6033416551258473,-0.21943668958461163,Metal
Lu2CuPt,0.0,13.15766942754443,2.5538,33.60205618406297,1.526365853643213,Metal
Be2CuPt,0.0,10.872718355585835,1.2425,13.509352556815399,1.1306345357210124,Metal
Er2CuOs,0.0,12.724661634573478,2.4339,30.970553952388386,1.4909489734019072,Metal
AlCuPd2,0.0,9.260732818942353,1.424,13.18728353417391,1.1201553438727114,Metal
Sc2CuPt,0.0,8.338168978780306,2.7102,22.598105566290386,1.3540720331054592,Metal
Be2CuIr,0.0,11.110744172437856,1.1282,12.53514157534439,1.0981292433669958,Metal
Ho2CuRu,0.0,10.552363987109967,2.4608,25.967257299480206,1.4144260812211167,Metal
AlCuAu2,0.0,13.31686605655958,1.0706,14.257036800152685,1.1540292706052344,Metal
CuSbRh2,0.0,11.095184883181677,3.1374,34.81003305249419,1.5417044356529312,Metal
TaCuRh2,0.0,13.166298144591506,1.3613,17.923281664232416,1.2534175297808343,Metal
Sc2CuIr,0.0,8.535682065731493,2.2756,19.423798108778584,1.288334155358114,Metal
Sc2CuOs,0.0,8.57343188934963,2.6104,22.380086603958272,1.349861762781779,Metal
CuGeRh2,0.0,10.85697943347378,1.7026,18.485093183432458,1.2668216441973024,Metal
Lu2ZnCu,0.0,10.049744633601936,3.2905,33.068684716867175,1.5194169215081061,Metal
Lu2CuRh,0.0,11.464621188774117,2.4175,27.715721723861428,1.4427261922069514,Metal
Hf2CuRe,0.0,14.747427896576768,2.8386,41.862048827222814,1.6218204799182434,Metal
CuSiRh2,0.0,9.8999613490872,1.6117,15.955767706323838,1.2029177049659125,Metal
VCuRh2,0.0,10.230443477175605,0.8719,8.91992366774941,0.9503611379216796,Metal
Zn2CuIr,0.0,12.179115009118885,1.4485,17.641448090708703,1.246534231137944,Metal
Zr2CuS4,0.0,4.41838446166646,6.1176,27.02990878269074,1.4318445800976347,Metal
Cu(IrS2)2,0.0,7.971823286037149,8.4848,67.63932621736801,1.8301992727652503,Metal
Cu(RhS2)2,0.0,5.612007952010777,10.6013,59.49457990165185,1.7744774022666825,Metal
Cu(RhSe2)2,0.0,7.105875893666314,10.4857,74.51008285821686,1.8722150463514144,Metal
Cr2CuTe4,0.0,6.412341017715572,33.44,214.4286836324087,2.3312828794820226,Metal
Cr2CuS4,0.0,4.133107759090052,14.220600000000001,58.775272198916,1.769194649098668,Metal
Cr2CuSe4,0.0,5.758816159125747,16.8613,97.10112690386696,1.9872242701277223,Metal
Co2CuS4,0.0,4.91939664345373,11.5065,56.60503747790035,1.7528550822756868,Metal
Ti2CuS4,0.0,3.8467994316937553,9.9474,38.26565266683046,1.5828091251456522,Metal
Sc2Ga3Cu,0.0,5.890891280207045,4.1955,24.715234366108657,1.3929647330840127,Metal
Tb2CuPt,0.0,10.963216956667447,5.7292,62.81046258813913,1.7980319919199121,Metal
Cu(NO3)2,0.0,2.681269372645411,2.1162,5.674102246392219,0.753897157453361,Metal
Er2CuNi,0.0,9.650024411319189,2.189,21.123903436377706,1.3247741735342786,Metal
CuBIr,0.0,12.571064451566716,1.5973,20.079761248487515,1.3027585446762973,Metal
Er2CuSi3,0.0,7.383106508905977,1.8566,13.707475544434837,1.1369574797327537,Metal
CaCuSn,0.0,5.550668433748895,5.468,30.35105499573896,1.4821737916520705,Metal
CuAgO2,0.0,6.61680193408205,2.1717,14.369708760245986,1.1574479661122075,Metal
Co2CuGe2,0.0,8.63383319992688,7.0192,60.60260199692675,1.78249127117439,Metal
CuSe3Br,1.029899999999999,4.8202027256662685,0.0,1.075515848383629e-08,-7.964363831522953,Semiconductor
CuPdO2,0.0,7.234760825313934,3.4248,24.77760887453516,1.394059393135403,Metal
Zn2CuAu,0.0,11.481757903781082,2.4584,28.226753630655413,1.4506609326520041,Metal
Th2CuTe6,0.0,7.4521934480289564,1.2089,9.008956659322205,0.9546744976058391,Metal
Tb4CuPt3,0.0,12.103486502107003,4.2111,50.968992009022806,1.707306044826603,Metal
RbCuCl3,0.185899999999999,3.273753661866938,0.0,0.08983259058034929,-1.0465660755281792,Semiconductor
YCuS2,1.5946999999999991,4.346175291765535,0.0,1.746548058871544e-13,-9.99924214543788,Semiconductor
ZrCuSn,0.0,8.126701371328327,5.101,41.454303695145796,1.61756962473122,Metal
TiCuGe,0.0,7.080671157743878,8.9073,63.06966220337204,1.7998205049498608,Metal
CuAsSe,0.0,5.615725224997666,0.7113,3.99446535254084,0.6014586585094794,Metal
ZrCuGe,0.0,7.818706724740571,5.9852,46.796523488917266,1.6702135905609348,Metal
CuTeAs,0.0,5.9673321173933385,2.2067,13.16811178345188,1.1195235045915917,Metal
Eu2CuS3,0.0,5.8093166307253785,24.1771,140.45242911271055,2.1475292546886604,Metal
CuIO4,0.9536,4.55842585268151,0.0,4.449464827549785e-08,-7.350717257069863,Semiconductor
HoCuS2,1.607299999999999,5.968514955272175,0.0,1.8797325371367312e-13,-9.999184408838364,Semiconductor
ErCuS2,1.629299999999999,6.090041066704614,0.0,1.2532676545763124e-13,-9.999456053557358,Semiconductor
TmCuS2,1.6576,6.181075342612141,0.0,7.357998925499911e-14,-9.999680563673081,Semiconductor
YbCuS2,0.0,6.314627437288806,15.8601,100.15062261814418,2.00065365356796,Metal
TiCuSi,0.0,5.678933088294623,8.7242,49.54414804889995,1.6949923647725398,Metal
CuSO4,0.0,3.938655067943314,7.3337,28.88491467177588,1.4606710889420604,Metal
SrCuN,0.264499999999999,5.134276473739162,0.0,0.030803861420007222,-1.5113948376647748,Semiconductor
HfCuSi,0.0,10.017605318206495,5.6138,56.236832735347626,1.7500208531879415,Metal
ZrCuSi,0.0,6.5600262551438835,5.8945,38.66807476094562,1.5873525495887462,Metal
CuBiS2,0.464,6.369204668848578,0.0,0.0008060374711590166,-3.0936447143155674,Semiconductor
KCuS,1.8615,2.544808244700729,0.0,5.868588126086661e-16,-9.999997451312039,Semiconductor
TaCuS3,0.41800000000000004,5.686581690665911,0.0,0.0017520003744869509,-2.7564657805497665,Semiconductor
CuSbS2,0.722699999999999,4.95091915212826,0.0,4.205362095211157e-06,-5.376186277066002,Semiconductor
CuAsS,0.0,4.90244234297546,0.1233,0.6044711408888743,-0.21862442864682644,Metal
CuSeO4,0.0,4.648752130849539,5.8171,27.042256020364853,1.4320429201234623,Metal
DyCuS2,1.6186999999999991,5.8531771036999185,0.0,1.4786256790193255e-13,-9.999358315315702,Semiconductor
K2CuBr3,1.901799999999999,3.5222485168018363,0.0,3.725351650466136e-16,-9.999998382103348,Semiconductor
Cs2CuCl4,0.376299999999999,3.381852468538517,0.5903,0.0023341526286014594,-2.6318707305448195,Semiconductor
MgCuP,0.018499999999999,4.494496723238884,0.0,3.1425043391123113,0.4972758860380786,Semiconductor
SmCuO3,0.121799999999999,7.378061688081909,0.0,0.6995007172477369,-0.1552118357968798,Semiconductor
LaCuGe2,0.0,7.1905082080511,2.2602,16.251986651837097,1.2109064569602783,Metal
EuIn4Cu,0.0,7.922994486211094,4.111000000000001,32.57143033281381,1.5128368304731403,Metal
K2CuAs,1.0674,3.237559418185954,0.6707,3.4975082999487972e-09,-8.443998195412815,Semiconductor
Na2CuAs,0.6542999999999991,3.723102160181024,0.0,1.1874126586816531e-05,-4.925394668020269,Semiconductor
MgAl2Cu,0.0,3.6411054216010452,2.4257,8.832229421177654,0.9460703415333183,Metal
SrCuSn2,0.0,6.324950250913399,2.4148,15.273489865905676,1.1839382810892471,Metal
KCuO2,0.8706,3.24332273163737,0.0,1.5765447350642378e-07,-6.802018316447646,Semiconductor
CsCuO,1.1227,4.526602670573323,0.0,1.6779456559572469e-09,-8.750081517650722,Semiconductor
CsCuO2,0.9672000000000001,4.322830688737202,1.4502,3.243525372284579e-08,-7.487645802115858,Semiconductor
BaCuSn2,0.0,6.598427795233157,3.8538,25.42902103726954,1.405329641093832,Metal
RbCuO2,0.9136000000000001,3.871455658146089,1.1074,8.191781826060204e-08,-7.086091787474573,Semiconductor
Na2CuP,0.6575000000000001,3.018608083178496,0.0,9.049457725710971e-06,-5.043372645322618,Semiconductor
K2CuP,1.1421000000000001,2.745463209188628,0.0061,6.992874110013184e-10,-9.097297027234948,Semiconductor
PrCuGe2,0.0,7.437824656759521,0.9912,7.372371799780037,0.8676072292280725,Metal
BaCuO2,0.0,5.800540355348222,1.4772,8.568558212920394,0.932907751584023,Metal
Ba2CuF6,0.8501000000000001,5.474897141352942,0.0,3.9563785561669045e-07,-6.40259240386822,Semiconductor
K2CuF4,0.382399999999999,3.375432189913843,0.0006,0.002070438200915011,-2.683937706949287,Semiconductor
NdCuNi4,0.0,8.841516695534674,5.2323,46.26146780604608,1.6652194081578349,Metal
Al2CuIr,0.0,9.681401882347686,0.8187,7.9261637210780505,0.8990630387866955,Metal
Sr2CuO3,0.0,5.465340310439675,0.7112,3.8869500287846974,0.5896089573230254,Metal
Ba2CuO3,0.0,6.18492908079224,0.7028,4.346768157980786,0.6381664770090311,Metal
ZrAlCu,0.0,6.198441915157068,8.4988,52.679318148536886,1.7216401450634573,Metal
LuAlCu,0.0,8.480952126986576,4.1981,35.603885124302344,1.5514973911197005,Metal
CuAsF7,0.0,3.6796095450185433,3.5118,12.92205280019612,1.111331511261525,Metal
Zr2Ga3Cu,0.0,7.494975761503124,1.9691,14.758356771975802,1.169038004875376,Metal
Hf2Ga3Cu,0.0,10.701471204818448,1.9435,20.798309286564653,1.318028032207192,Metal
GaCuI4,1.4404,4.669644442240902,0.0,3.7112510813793245e-12,-9.984174126759411,Semiconductor
K3CuO2,1.521599999999999,2.914040978998382,0.0,4.815367453037573e-13,-9.997913731539782,Semiconductor
La2Al7Cu,0.0,4.331708810541488,2.2821,9.885392676536728,0.9949939254361695,Metal
ScCu2,0.0,6.395130303773691,1.2633,8.078968112757304,0.9073558940035028,Metal
ThCu2,0.0,10.365853362378477,1.8276,18.944633605082903,1.2774862103085047,Metal
LaCu2,0.0,7.16196132938679,1.8629,13.34201776051465,1.125221514440669,Metal
Cu2O,0.512699999999999,6.20494716806907,0.0,0.00030613604944500363,-3.5140853846217737,Semiconductor
MgCu2,0.0,5.959245547723972,2.3479,13.991712621501115,1.1458708765067436,Metal
Cu2O3,0.136,5.954172764725702,0.0,0.4289269519706569,-0.36761666355854333,Semiconductor
TiCu2,0.0,7.391929109501161,4.168,30.80956052840084,1.4886855035292659,Metal
ErCu2,0.0,9.590995099739073,3.0373,29.13072941643749,1.4643513592452846,Metal
LuCu2,0.0,10.122628868615976,3.0463,30.83656432246485,1.4890659848500591,Metal
EuCu2,0.0,8.036607824903404,3.2061,25.766168347422806,1.411049840000196,Metal
DyCu2,0.0,9.212000454827994,2.663,24.531557211206945,1.3897251171755107,Metal
PrCu2,0.0,7.654226731870147,3.6244,27.74197936699016,1.4431374443918195,Metal
SmCu2,0.0,8.385628257617755,2.9488,24.727540606063236,1.393180923709179,Metal
TmCu2,0.0,9.748602697043312,2.7464,26.77356244715975,1.4277061615586804,Metal
GdCu2,0.0,8.767301393692962,4.4008,38.58313997336399,1.5863975685037703,Metal
NdCu2,0.0,7.919997572559226,3.3055,26.179551976094523,1.4179622099790077,Metal
TbCu2,0.0,9.00853817981111,3.0885,27.82287016834661,1.4444019291794916,Metal
YCu2,0.0,6.775255397083037,3.3142,22.4545514370126,1.3513043838105543,Metal
CeCu2,0.0,8.215451146233045,6.9765999999999995,57.315916466809455,1.7582752410577867,Metal
HoCu2,0.0,9.401595711395899,2.8839,27.113261872094636,1.4331817687010415,Metal
YbCu2,0.0,9.968982174382049,2.0807,20.74246121023673,1.3168602866070536,Metal
Sr(CuSn)2,0.0,6.720989560866213,1.9621,13.187253617375596,1.1201543586269536,Metal
Eu(CuSn)2,0.0,7.941303051402696,2.5707,20.41470775424091,1.3099431671840436,Metal
ZrCu2Te3,0.0,6.5465289893401195,0.2162,1.4153595674953339,0.15086678500878603,Metal
HfCu2Te3,0.0517,7.62557268855877,0.0,2.8052914192792135,0.44797798332991084,Semiconductor
TiCu2Te3,0.0,6.5196072864127395,0.3054,1.9910880652704506,0.29909046919798127,Metal
Ca(CuSn)2,0.0,6.349256762114563,1.8111,11.499138921865685,1.06066532075014,Metal
Ca6Cu2Sn7,0.0,4.958895806343453,5.7004,28.267689654480222,1.451290314634932,Metal
Cu2WSe4,1.275699999999999,6.004547168596251,1.9444,1.1540986130330385e-10,-9.666734418904435,Semiconductor
Cu2HgI4,0.5589000000000001,5.9405298354886265,0.0,0.00011992469582163845,-3.921091012270956,Semiconductor
Sc2InCu2,0.0,6.132859323975391,6.5282,40.03653223877615,1.6024564540535078,Metal
Er2InCu2,0.0,9.423649013215348,6.3562,59.8985978577994,1.7774166562840639,Metal
Tm2InCu2,0.0,9.594400351205653,6.3819,61.23050360135936,1.7869678313847035,Metal
Pr2InCu2,0.0,7.447593315243075,5.8401,43.494689720351076,1.6384362370492676,Metal
Y2InCu2,0.0,6.59566675180504,7.2445,47.782307783451614,1.6792671214175856,Metal
Tb2InCu2,0.0,8.830563915467915,6.009,53.0628585680467,1.724790642309184,Metal
Lu2InCu2,0.0,10.020065705130216,7.6398,76.55129797405382,1.883952558825706,Metal
La2MgCu2,0.0,5.802443908680036,10.3355,59.97115901816252,1.7779424422073278,Metal
Ho2CdCu2,0.0,9.260119163332003,12.0743,111.80945681381961,2.048478537614899,Metal
Y2CdCu2,0.0,6.5861953997626035,12.3748,81.50285083298228,1.9111727998985393,Metal
Sm2CdCu2,0.0,8.168284867803196,9.8503,80.46005643332182,1.9055803328426886,Metal
Er2CdCu2,0.0,9.470972403864028,10.844899999999999,102.71174862266498,2.011620122956678,Metal
Dy2CdCu2,0.0,9.080080651946831,11.2693,102.32615289098442,2.0099866464657614,Metal
Tb2CdCu2,0.0,8.851914883096955,10.4923,92.87694652791818,1.9679079288684267,Metal
Nd2MgCu2,0.0,6.290892462996875,11.012,69.2753078025216,1.8405784641068583,Metal
Yb2InCu2,0.0,9.841152990674924,3.7417,36.82264214520836,1.5661149473390847,Metal
Y2MgCu2,0.0,5.075788384466986,11.630199999999999,59.032434069027936,1.7710906907427415,Metal
La2InCu2,0.0,7.119787186896594,8.7679,62.42558207599064,1.7953626005428993,Metal
Ba(CuSb)2,0.0,7.115280915697678,3.5119,24.988155047838674,1.3977341920176727,Metal
Pr(CuSn)2,0.0,7.975883186580219,3.7349,29.789126113558464,1.474057763047783,Metal
Sr(CuSb)2,0.0,6.783514785812544,2.9605,20.082595523398037,1.3028198413757348,Metal
Eu(CuSb)2,0.0,7.939599035122149,3.9473,31.339979271337658,1.496098704886138,Metal
La(CuSn)2,0.0,7.790510854057943,3.1891,24.844718164676184,1.3952340745298613,Metal
Th(CuSn)2,0.0,9.522083747939615,1.3975,13.307112037745611,1.1240838133923083,Metal
Sm(CuGe)2,0.0,8.22445650375966,1.3183,10.84230100890636,1.0351214601974625,Metal
Yb(CuGe)2,0.0,9.131008182831964,1.5009,13.704730181612494,1.1368704895838793,Metal
Ce(CuGe)2,0.0,7.8301420134222255,3.7396,29.281599073393753,1.4665947899352483,Metal
La(CuGe)2,0.0,7.566881923469303,1.6552,12.52470295972639,1.097767434783752,Metal
Gd(CuSi)2,0.0,7.172874813407836,1.4468,10.377715280038458,1.0161017513501416,Metal
Dy(CuGe)2,0.0,8.717416739931423,1.1312,9.861141816210425,0.9939272045773934,Metal
U(CuSi)2,0.0,8.859644569224054,12.7227,112.71859996086687,2.051995585912136,Metal
Nd(CuSi)2,0.0,6.658836085995489,1.354,9.016064060437893,0.9550169887788751,Metal
Dy(CuSi)2,0.0,7.4218787357789004,1.2335,9.154887420583274,0.9616530080722702,Metal
Nd(CuGe)2,0.0,7.950996649069283,1.316,10.463511590175177,1.0196774597073728,Metal
Sr(CuGe)2,0.0,6.490937685986868,1.6932,10.990455689912965,1.0410156996623676,Metal
Y(CuSi)2,0.0,5.8122444135231355,1.2163,7.069432880168189,0.8493845754872837,Metal
Eu(CuSi)2,0.0,6.7535948068825284,2.1319,14.397988768792862,1.1583018304580712,Metal
Tb(CuSi)2,0.0,7.28576838113744,1.308,9.529785042527772,0.9790831046411105,Metal
Eu(CuGe)2,0.0,7.974181026582764,5.1355,40.95140666201579,1.6122688241697585,Metal
La(CuSi)2,0.0,6.301824219406719,1.5105,9.51890548341385,0.9785870145822164,Metal
Sm(CuSi)2,0.0,6.914730549455848,1.3283,9.184836588842204,0.9630714340057909,Metal
Pr(CuSi)2,0.0,6.502064145417772,1.3504,8.78038742197216,0.9435136789534875,Metal
Ho(CuSi)2,0.0,7.524248807447804,1.1678,8.786817757337545,0.9438316190312818,Metal
Er(CuSi)2,0.0,7.628821262004748,1.1287,8.610650558424759,0.9350359648455335,Metal
Ca(CuGe)2,0.0,6.02356141498112,1.5782,9.506384625123204,0.9780153817273899,Metal
Y(CuGe)2,0.0,7.187826748956332,1.107,7.956924211094659,0.9007452214748406,Metal
Tb(CuGe)2,0.0,8.59510649783157,1.1989,10.30467318025027,1.013034222391677,Metal
Ho(CuGe)2,0.0,8.816680355275103,1.0845,9.56168984529585,0.9805346522840839,Metal
Sr(CuAs)2,0.0,6.386119399135405,1.721,10.990511485912032,1.0410179044693093,Metal
Tm(CuSi)2,0.0,7.702637362836861,1.0321,7.949892022183924,0.900361229984178,Metal
Th(CuGe)2,0.0,9.551343364434098,1.4503,13.852313281438771,1.141522304917926,Metal
Pr(CuGe)2,0.0,7.790721747569689,1.418,11.047243438053819,1.0432539242702752,Metal
Tl(CuSe)2,0.0,7.684715349562913,3.1124,23.91790805397961,1.3787231920262504,Metal
Er(CuGe)2,0.0,8.931509850232533,1.0763,9.612984051805276,0.9828582218111618,Metal
Lu(CuSi)2,0.0,7.9265146471636925,1.0287,8.15400561753729,0.9113710063199687,Metal
Ce(CuSi)2,0.0,6.59416060131948,3.5475,23.392784733180854,1.3690819243448515,Metal
Ca(CuSi)2,0.0,4.622028412165114,1.5639,7.228390233785022,0.8590415904644523,Metal
K(CuSe)2,0.0,5.029131940225473,3.0241,15.208597900435851,1.1820891777526548,Metal
Tm(CuGe)2,0.0,8.998686434685226,1.0727,9.652890938486841,0.9846573994214861,Metal
Tl(CuTe)2,0.0,7.81782197426794,1.7067,13.342676763483093,1.1252429650405664,Metal
Yb(CuSi)2,0.0,7.831834184217288,1.5048,11.785344080410175,1.0713422665451533,Metal
Th(CuSi)2,0.0,8.350630015527097,1.5206,12.697968001610503,1.1037342283377924,Metal
Sc(CuSi)2,0.0,5.229739991603519,1.1145,5.8285452206421215,0.7655601702915869,Metal
Li(CuP)2,0.0,4.63719684957399,0.9901,4.591288600763208,0.6619345926621258,Metal
Sr(CuSi)2,0.0,5.221344633540451,1.635,8.536898475838639,0.931300116656322,Metal
Tl(CuS)2,0.0,6.856464393504211,2.9802,20.43363518552125,1.310345635385117,Metal
Ba(CuAs)2,0.0,6.580623174818893,2.1722,14.2944296603416,1.15516683193854,Metal
Na3(CuO2)2,0.0,3.67738745456181,20.519,75.45631318015377,1.8776955816152066,Metal
CsCu2F5,0.0,4.8145647188418685,20.546300000000002,98.9214910827407,1.9952906540314475,Metal
Ca5CdCu2,0.0,3.176146801125529,10.0222,31.831978470240276,1.5028636324019793,Metal
Eu5CdCu2,0.0,6.755645304323425,14.012799999999999,94.66550652042328,1.976191762987703,Metal
Zn(CuO2)2,0.429799999999999,5.59259389576237,0.0051,0.0013714276184938362,-2.8628270770762247,Semiconductor
Sr(CuO)2,1.815999999999999,5.6109754340936355,0.0,3.1198210206811405e-15,-9.999986451000813,Semiconductor
Ba(CuO)2,1.386299999999999,5.907405636175781,0.0,1.3368678239950613e-11,-9.9455069167526,Semiconductor
Cu2PbO2,0.629,8.119401012574201,0.0,4.2242323647902084e-05,-4.374251172228181,Semiconductor
Cu2P2O7,0.0,4.098617069242906,3.4642,14.198429251271273,1.1522403017637572,Metal
V2Cu2O7,0.0,3.8700832556819402,3.4695,13.427253855588491,1.1279871997668778,Metal
Cd(CuSe)2,0.0,6.957620804166246,0.5269,3.665970401715195,0.5641889542486129,Metal
Hf(CuP)2,0.0,8.066048665638801,0.5519,4.451652258566054,0.6485212320236624,Metal
U(CuP)2,0.0,8.429807346432852,2.7517,23.19630087517928,1.365418733272681,Metal
Zr(CuP)2,0.0,6.057738021045553,0.6406,3.8805869762817813,0.5888974218114849,Metal
Th(CuP)2,0.119799999999999,7.742911721313404,0.0,0.7630460528253604,-0.11744924981996778,Semiconductor
BaGaCu2,0.0,6.140040486924988,1.9077,11.7133552369068,1.0686813145599006,Metal
Ca3Al7Cu2,0.0,3.169642089367115,5.5817,17.691991250220426,1.2477767159146984,Metal
SrGaCu2,0.0,5.704057163821924,2.0157,11.49766802511585,1.0606097650076196,Metal
Y3Al7Cu2,0.0,4.419695576141117,5.4562,24.11474300254116,1.3822826378884405,Metal
U3Cu2Se7,0.0,8.538972500948097,35.1638,300.2627212288387,2.477501416216478,Metal
U3Cu2S7,0.0,7.472340784820455,14.2899,106.77900258100581,2.0284858598114104,Metal
La2Cu2I,0.0,6.393458902404791,4.339,27.74121817753439,1.4431255279776625,Metal
EuAl3Cu2,0.0,5.773973319994086,23.9059,138.03202879044662,2.13997987127841,Metal
TbAl3Cu2,0.0,6.187726543237971,1.6443,10.174478755046195,1.0075121692916298,Metal
TbCu2Ni3,0.0,9.393611634268144,4.3717,41.06605198153004,1.6134829525490668,Metal
LaCu2Ni3,0.0,8.49132442243814,3.6017,30.583203172295452,1.4854829698677656,Metal
CeZn3Cu2,0.0,7.913779274770061,7.2969,57.74605599006966,1.7615223276083705,Metal
LaMgCu2,0.0,5.811640684974544,8.3169,48.33483441286479,1.684260235111407,Metal
Cu2PO4,0.0,4.555903718895257,10.6231,48.39782079619621,1.6848258071516382,Metal
HfAlCu2,0.0,9.494673917325734,1.2537,11.903472690151274,1.0756736798964912,Metal
ZrCdCu2,0.0,8.556022585492096,1.5274,13.068468897080628,1.1162247085861352,Metal
ScGaCu2,0.0,6.960064534854363,1.4792,10.295327459956575,1.0126401646338863,Metal
ZrZnCu2,0.0,8.06140762846897,1.3008,10.486279043112436,1.0206214102454279,Metal
DyLuCu2,0.0,9.823851966445362,1.9116,18.779275419056955,1.2736788314054597,Metal
ErLuCu2,0.0,10.090079544963897,2.0246,20.428375046733905,1.310233822517908,Metal
GdLuCu2,0.0,9.509799578997642,1.9771,18.80182474763624,1.274200000296437,Metal
HoLuCu2,0.0,9.945844545637776,2.0514,20.402905500921335,1.3096920180734135,Metal
LuScCu2,0.0,8.012119938905974,3.1741,25.431269898081453,1.4053680470024044,Metal
LuAlCu2,0.0,8.765529845685032,1.5007,13.154430639419527,1.1190720553509443,Metal
PmHoCu2,0.0,8.591151027957256,2.406,20.67030937326516,1.315346976779192,Metal
PmGdCu2,0.0,8.198290473124123,2.5407,20.82939660506646,1.3186766893024178,Metal
ThInCu2,0.0,10.0163160332191,2.4443,24.482881279997446,1.3888625266439854,Metal
TiGaCu2,0.0,7.661362693884604,1.939,14.855382263442246,1.1718838316907456,Metal
YbPmCu2,0.0,8.958318013534807,2.7133,24.30660426612399,1.3857242903344758,Metal
TmLuCu2,0.0,10.209106407328855,2.0626,21.0573028757565,1.323402743813131,Metal
ScAlCu2,0.0,5.650750673135394,1.6182,9.144044739267695,0.9611383422792836,Metal
TiInCu2,0.0,8.068539641633866,2.0617,16.63490817915654,1.2210204080090332,Metal
HoInCu2,0.0,9.600848993791201,1.4958,14.360949924912878,1.1571831678691478,Metal
TiAlCu2,0.0,6.275869888405448,1.8019,11.308489951917776,1.0534046164825084,Metal
LuInCu2,0.0,10.161555241866568,1.4699,14.936470050019668,1.174247972386189,Metal
LiCu2Ge,0.0,6.9339714924374745,0.9684,6.714857993276451,0.8270368325899721,Metal
HfInCu2,0.0,10.940493800385012,1.4246,15.585827468028489,1.1927298643800999,Metal
ZrInCu2,0.0,8.487243337267126,1.467,12.450785975770874,1.0951967678341188,Metal
LiCu2Si,0.0,5.79763390997432,0.9415,5.458472326240822,0.7370711128377688,Metal
Cu2PdAu,0.0,12.925112678930077,1.1411,14.74884607792711,1.168758043260008,Metal
PaInCu2,0.0,10.74624135077317,3.0236,32.492335348197756,1.5117809268706803,Metal
PmAlCu2,0.0,7.12912681073864,1.3951,9.945844813661477,0.9976416785989154,Metal
PmCu2Sn,0.0,8.675540552359807,1.7098,14.833439236424798,1.171241856913459,Metal
PmGaCu2,0.0,8.266871102453578,1.2376,10.231079676396549,1.0099214668306995,Metal
PmInCu2,0.0,8.550367012513094,1.4719,12.585285205718023,1.0998630619113563,Metal
PaCu2Sn,0.0,10.8350186115683,5.3462,57.92617650116644,1.762874863227126,Metal
TiZnCu2,0.0,7.6371606880203515,1.8522,14.145549026351295,1.1506198082462389,Metal
HfZnCu2,0.0,10.82286235422546,1.4089,15.248330770868252,1.1832223042313055,Metal
ScZnCu2,0.0,6.833394769965047,2.5317,17.30010553912051,1.2380487525485226,Metal
YLuCu2,0.0,8.1896909289345,2.259,18.500511808463035,1.2671837431359927,Metal
Zr(Zn10Cu)2,0.0,7.325146687146612,18.4513,135.15847906854827,2.130843296037086,Metal
CsCu2F6,0.0,4.688937975027388,1.3878,6.507308121743009,0.8134013711180619,Metal
Ti4Cu2O,0.0,6.002231174009371,38.6893,232.22212256060075,2.365903590287938,Metal
Cu2B3Ir4,0.0,15.152750253055967,2.9014,43.964189584216584,1.6430990719828404,Metal
Cu2SnS3,0.0,4.744208648063372,0.0,0.0,-10.0,Metal
Cu2GeSe3,0.0,5.604291704268389,0.9249,5.183409397277834,0.7146155117529848,Metal
Sr2Cu2O5,0.0,5.737712629258653,10.5594,60.586802737393825,1.7823780346866425,Metal
Cu2PO5,0.0,4.145305599554136,6.8881,28.55327950028884,1.4556559965442697,Metal
Na(CuO)2,0.0,5.140083914574493,4.386799999999999,22.548520116455382,1.3531180439388524,Metal
Ba(CuS)2,0.9028,5.62422080829076,0.0,1.4665250166430867e-07,-6.8334144866749345,Semiconductor
CsCu2Br3,1.4959,4.680228121429063,0.0,1.2714169558288377e-12,-9.994513113474806,Semiconductor
RbCu2Br3,1.6395,4.432467404133066,0.9572,7.488352905689986e-14,-9.999674906670945,Semiconductor
Nd2CdCu2,0.0,7.639266364912877,3.97,30.327887468704123,1.4818421599778586,Metal
Ba(CuP2)2,0.0,4.895253224296198,1.5756,7.712960980201089,0.8872211342819075,Metal
Ca2GaCu2,0.0,4.485480879273855,2.4356,10.924837229559403,1.038414975089842,Metal
Tl(CuO)2,0.0,8.042811402369113,3.1402,25.25603636571949,1.402365194219264,Metal
Ca(CuO2)2,0.6713,5.002752181970563,0.0,1.1484205346245825e-05,-4.939895268942278,Semiconductor
Pr(CuO2)2,0.0,6.702963424878641,4.4613,29.90393072741108,1.4757282779922698,Metal
Er(CuO2)2,0.0,8.001992900375445,9.5185,76.16696942222367,1.8817666759643232,Metal
Gd(CuO2)2,0.0,7.4252014322264035,13.4574,99.9239057540436,1.9996694010898677,Metal
Y(CuO2)2,0.0,6.124373592523852,3.8083,23.323451952408583,1.367792827947184,Metal
Nd(CuO2)2,0.0,6.872217609151969,4.059,27.89433127554784,1.4455159543186318,Metal
Tm(CuO2)2,0.0,8.119621255421904,4.2407,34.43287785786767,1.5369733220251396,Metal
Lu(CuO2)2,0.0,8.381714784314676,4.4017,36.89379396611791,1.5669533181129427,Metal
Cd(CuO2)2,0.32019999999999904,6.719774187721026,0.0,0.01372729562766967,-1.8624150101941406,Semiconductor
La(CuO2)2,0.0,6.527104353035975,4.650399999999999,30.353646083358495,1.4822108660478246,Metal
Sm(CuO2)2,0.0,7.164790760803668,4.1591,29.79908125325853,1.47420287438674,Metal
Eu(CuO2)2,0.0,7.131955693883354,7.6923,54.86114278405893,1.739264849927006,Metal
Dy(CuO2)2,0.0,7.770027199776928,3.8171,29.65897082426851,1.4721560767984827,Metal
Ho(CuO2)2,0.0,7.889780536107496,3.8624,30.473488342661593,1.4839221713640844,Metal
Cu2GeS3,0.111099999999999,4.491883289283199,0.0007,0.5237901690626714,-0.28084265695788524,Semiconductor
Cu2SiSe3,0.23869999999999902,5.250795042218217,0.0,0.051889346748340615,-1.2849217959064754,Semiconductor
CaCu2F8,1.2139,3.681187857840044,0.3258,2.338233886980535e-10,-9.476483238577504,Semiconductor
Cu3Se2,0.0,6.701255502681932,11.221900000000002,75.20081912554639,1.876222571174232,Metal
Cu3Pd,0.0,9.96902571091,6.8802,68.58889069620298,1.8362537789720574,Metal
AcCu3,0.0,8.572205360336502,6.2871,53.89431232097162,1.7315429347987983,Metal
PmCu3,0.0,7.973132821784786,5.6017,44.663098127791834,1.6499488453180478,Metal
Cu3Pt,0.0,12.819935631579229,4.1411,53.088635443932745,1.7250015626599946,Metal
Cu3Au,0.0,12.3489769756495,1.0847,13.394935325487012,1.126940621056696,Metal
AlCu3,0.0,7.517442305877194,2.728,20.507582610432987,1.3119144696915621,Metal
Ta14(CuS8)3,0.0,7.866277541940848,12.3827,97.40575491859093,1.988584616587006,Metal
Sr6Cu3N5,0.4772,4.764178087905891,0.0,0.00046706176570470424,-3.3306255901947703,Semiconductor
Sm2Ga5Cu3,0.0,7.90091235834179,3.9978,31.586267426178807,1.4994983080214455,Metal
Pr2Ga5Cu3,0.0,7.4665082249746995,4.3581,32.53978949526224,1.512414739095668,Metal
Ce2Ga5Cu3,0.0,7.460367530833801,11.9026,88.79777057250239,1.9484020621730713,Metal
Cs4Cu3F10,0.123,4.91182104758198,0.0,0.45499652703488563,-0.34199191818225366,Semiconductor
Cu3SbS4,0.0,4.73419133116811,1.8579,8.795654074177232,0.9442681405856617,Metal
Cu3AsSe4,0.0,5.6534903551959665,2.3591,13.337149096942806,1.1250630062115141,Metal
Ti8Cu3Ni,0.0,5.82417848800461,7.514,43.76287715886664,1.6411058666431761,Metal
Cu3(CO4)2,0.0,3.97494518767664,8.041599999999999,31.964919221220462,1.504673611263889,Metal
Cu3(AsO4)2,0.0,5.245632040162247,13.0765,68.59450737318163,1.8362893414651018,Metal
Tm(CuS)3,1.5452,6.344355745518665,0.0,6.641630258677241e-13,-9.997125113062893,Semiconductor
Tb(CuS)3,1.341,6.053898721831054,0.0887,3.2904819898419986e-11,-9.876459268738758,Semiconductor
Ho(CuS)3,1.4907,6.215027479124213,0.0,1.867005025495721e-12,-9.991966462272211,Semiconductor
Er(CuS)3,1.445599999999999,6.28099799774077,0.0,4.514230408388753e-12,-9.980824573025851,Semiconductor
Dy(CuS)3,1.3966,6.148054951147953,0.0,1.1400044145213754e-11,-9.953114637061582,Semiconductor
Al6CoCu3,0.0,4.833344397523112,1.9171,9.266004544491558,0.9668925088706495,Metal
CsCu3O2,1.4572,4.731709939199385,0.0901,2.717252090150778e-12,-9.988356607441569,Semiconductor
CsCu3S2,1.6845999999999992,3.959103167334656,0.079,2.795663771236467e-14,-9.999878602833581,Semiconductor
K3Cu3As2,1.2741,3.896740569897688,0.0,7.725108709069069e-11,-9.751411092584723,Semiconductor
K3Cu3P2,1.2892000000000001,3.325279373704374,0.0,4.9225146266510165e-11,-9.826157986752206,Semiconductor
Cu3B5Pt9,0.0,15.833237726696808,3.4933,55.31024935066996,1.7428056163686296,Metal
LaCu3Ni2,0.0,8.434539501832651,1.7085,14.410410738881083,1.1586763596572067,Metal
Mg2Cu3Si,0.0,5.313903824023601,2.8725,15.264188734507794,1.1836737272428794,Metal
Mn2GaCu3,0.0,7.606056397930626,19.4174,147.68983950117814,2.1693506185325893,Metal
Cu3(PO4)2,0.0,4.483722802846382,6.0399,27.08123735691186,1.4326685036263147,Metal
TaCu3S4,1.9231,5.025571147896058,1.3225,3.5205193700351606e-16,-9.999998471060556,Semiconductor
VCu3Se4,0.8164,5.341420812523915,0.0,7.407439431555868e-07,-6.1302732653866165,Semiconductor
VCu3S4,1.0358,3.966135452969545,0.0,7.895095725233073e-09,-8.097176332081396,Semiconductor
NbCu3Se4,1.3604,5.473847418333714,0.0,2.0443329102796674e-11,-9.919217248916562,Semiconductor
TaCu3Se4,1.597999999999999,6.270214076156746,0.0,2.363930729379011e-13,-9.998974569475035,Semiconductor
NbCu3S4,1.6574,4.1524118433614134,0.0,4.962221656740514e-14,-9.99978454690353,Semiconductor
TaCu3Te4,1.140699999999999,6.918515284068941,0.264,1.8105619052634092e-09,-8.71883888591133,Semiconductor
VCu3Te4,0.5741,6.094756833162131,0.0,9.169709333715921e-05,-4.037643956989068,Semiconductor
NbCu3Te4,0.9169,6.190207181635206,0.0,1.228820217466248e-07,-6.910158371706188,Semiconductor
La3Cu3Sb4,0.2826,7.512404196634495,0.0,0.03175848570180722,-1.4981402122775695,Semiconductor
Pr3Cu3Sb4,0.17920000000000003,7.764928384573294,0.0,0.24255333935274168,-0.6151927416690683,Semiconductor
Er3Cu3Sb4,0.33389999999999903,9.162595758928408,3.131,0.014360349055638452,-1.8428350005865,Semiconductor
Tb3Cu3Sb4,0.280799999999999,8.764231643001004,4.055,0.03836323230077842,-1.4160848072709624,Semiconductor
Sm3Cu3Sb4,0.24669999999999903,8.308569849611672,0.0,0.07033591978832224,-1.1528228282479822,Semiconductor
Dy3Cu3Sb4,0.2964,8.917880380531507,0.0,0.028868127637908893,-1.539581381670432,Semiconductor
Ce3Cu3Sb4,0.0,7.924988258801177,15.916400000000001,126.13728312238307,2.1008434724665546,Metal
Ho3Cu3Sb4,0.3143,8.91110401213796,0.0,0.020404383287968713,-1.690276524892126,Semiconductor
Gd3Cu3Sb4,0.3003,8.446722423745276,2.1108,0.02535619624454217,-1.5959158939476612,Semiconductor
Nd3Cu3Bi4,0.35759999999999903,9.815614883877698,0.0,0.009726964741896452,-2.0120226538786006,Semiconductor
Nd3Cu3Sb4,0.1983,7.9529567872975555,3.1369,0.17169319249717932,-0.7652469236864295,Semiconductor
Ga8Cu3W2,0.0,8.771639899864184,15.9794,140.16554261588973,2.1466412626249904,Metal
V2Ga8Cu3,0.0,7.057111646883774,9.6536,68.1265329943572,1.8333162879605573,Metal
CaCu3O4,0.0,5.75064259099141,6.5556,37.698912569503285,1.576328823101497,Metal
Ti3Cu3O,0.0,6.668466963447067,31.163400000000003,207.81210336868634,2.3176708380873823,Metal
Cu3PS4,1.0202,4.248498235589031,0.0,1.1435882111944342e-08,-7.937949190765567,Semiconductor
Cu3PSe4,0.0,5.477755023230643,0.0,0.0,-10.0,Metal
Nd4Cu3Ni,0.0,7.490739766203753,8.3077,62.230818755690926,1.7940055149292378,Metal
Sm2(CuAs)3,0.0,7.9176576440924205,0.1504,1.1908157096715002,0.07584455541881754,Metal
ErGa2Cu3,0.0,9.06872570893325,2.5912,23.49888205698784,1.3710472015063446,Metal
LaAl2Cu3,0.0,6.325419664014231,2.6566,16.804109879420206,1.2254155126608415,Metal
CeAl2Cu3,0.0,6.544384804181911,4.8241,31.570766733853954,1.4992851293829283,Metal
CeGa2Cu3,0.0,8.07113449165014,5.9732,48.21050054552462,1.6831416405697983,Metal
Ba2Cu3P4,0.0,5.429959467055898,5.3573,29.089921852858566,1.4637425545617908,Metal
Ti3Cu4,0.0,6.878857245886687,5.6233,38.68187795079461,1.587507550310467,Metal
TiCu4,0.0,8.134100168275264,10.6114,86.31419052563614,1.9360822019769732,Metal
Cu4PtO5,0.0,7.822801479605599,11.944299999999998,93.43788771285314,1.9705230120780677,Metal
Tm3(CuSn)4,0.0,9.349744320728293,2.4706,23.099478318791324,1.3636021718494968,Metal
Ho3(CuSn)4,0.0,9.113112076344525,2.6816,24.437721343925478,1.3880607083687309,Metal
Y3Ga7Cu4,0.0,6.997419118770252,4.9642,34.73658798939928,1.540787157516197,Metal
Ti(CuS)4,1.4256,4.631598565750239,0.0,4.901077612774738e-12,-9.979220050425338,Semiconductor
RbCu4S3,0.0,5.075111243699609,3.3733,17.11987275837189,1.2335005325082555,Metal
EuCu4P3,0.0,6.938607841733898,8.9804,62.311473861907096,1.7945680238043786,Metal
KCu4S3,0.0,4.682005931557535,3.419,16.007778279995215,1.2043310603609116,Metal
Ca(Cu2P)2,0.0,5.960719604540558,2.6948,16.062947190315896,1.2058252315470606,Metal
Ca(Al2Cu)4,0.0,4.324089826005668,2.6027,11.254308590144953,1.051318819224154,Metal
Y(Al2Cu)4,0.0,4.773598615677039,3.6336,17.34534792992409,1.2391830157707013,Metal
Lu(Al2Cu)4,0.0,5.59349300856385,4.3977,24.598504203761244,1.3909086991456647,Metal
Er(Al2Cu)4,0.0,5.3440709066433865,3.5463,18.95167865622944,1.277647683902653,Metal
Tb(Al2Cu)4,0.0,5.376486245046063,3.684,19.806975326749697,1.296818160588935,Metal
Th(Al2Cu)4,0.0,5.826310088478007,6.5988,38.44665501184867,1.5848585607032182,Metal
Yb(Al2Cu)4,0.0,5.549099960899184,2.6714,14.823865635546081,1.170961469859011,Metal
Eu(Al2Cu)4,0.0,5.231588378519834,3.2874,17.1983236355461,1.235486117182598,Metal
Ho(Al2Cu)4,0.0,5.456749425510796,3.5564,19.406383656886593,1.2879446129699421,Metal
Sm(Al2Cu)4,0.0,5.254172943096051,3.6453,19.153036629468033,1.2822376392401593,Metal
Ce(Al2Cu)4,0.0,5.118416214926559,7.0035,35.846827961238155,1.5544507315565002,Metal
Zr3(Cu2Si3)2,0.0,5.962311427319605,2.2718,13.545179100584678,1.1317847518516397,Metal
U2Cu4As5,0.0,9.474707674969842,15.6859,148.61931711880945,2.172075261463016,Metal
Np(Al2Cu)4,0.0,6.040465470645129,13.678,82.62148670748408,1.9170930054927917,Metal
U(Al2Cu)4,0.0,6.014941952809508,11.723099999999999,70.51376600698114,1.8482739101445986,Metal
Pr(Al2Cu)4,0.0,5.104933736316764,3.5707,18.22818689226627,1.2607434727251623,Metal
Tm(Al2Cu)4,0.0,5.516157875833236,3.552,19.593392774959653,1.292109644565821,Metal
Gd(Al2Cu)4,0.0,5.348765251937444,24.2967,129.9573446967485,2.113800829209669,Metal
Nd(Al2Cu)4,0.0,5.164831034770089,3.6174,18.68325978517732,1.2714526525818335,Metal
Dy(Al2Cu)4,0.0,5.422202379613946,3.6694,19.896229411755414,1.2987707798879595,Metal
Cu4SnP10,0.24169999999999903,4.205977371486426,0.0,0.0392210510914563,-1.4064807706750937,Semiconductor
Na(CuS)4,0.0,4.485711720587187,2.5131,11.27304212500766,1.0520411298762722,Metal
Eu(Cu2As)2,0.0,8.122643135111465,2.4232,19.682788845002104,1.2940866334362224,Metal
Ca(Cu2As)2,0.0,6.6428814990180225,1.3274,8.817760901796522,0.945358318532628,Metal
K(Cu2As)2,0.0,5.899879285861873,2.1328,12.583262540886203,1.0997932579492107,Metal
PrCu4Pd,0.0,8.742893857320764,3.0636,26.784729621287894,1.4278872667427804,Metal
HoCu4Ni,0.0,9.443826326898064,3.26,30.786873825687685,1.488365591821723,Metal
Hf3(Cu2Ge)2,0.0,11.263141202104318,3.9057,43.99045059305884,1.643358410467889,Metal
Zr3(Cu2Ge)2,0.0,7.856658415983964,4.6532,36.55860294125658,1.5629895911522607,Metal
Hf3(Cu2Si)2,0.0,10.480709486425917,3.4337,35.987612163540675,1.556153031466529,Metal
Zr3(Cu2Si)2,0.0,6.994599809695952,6.0078,42.022156736691336,1.6234783382853202,Metal
TmInCu4,0.0,9.881723044115095,0.4353,4.301514041103301,0.6336213448834018,Metal
HoCu4Ag,0.0,9.965981819615951,3.5653,35.53171498147675,1.5506161697482796,Metal
HoCu4Au,0.0,11.76597835151698,3.2971,38.79360722278663,1.588760164342449,Metal
GdCu4Pd,0.0,9.874445903555898,3.2372,31.965556278991155,1.5046822666249609,Metal
TmCu4Ag,0.0,10.1612681900188,3.4161,34.71190826392323,1.5404784893774026,Metal
HoCu4Pd,0.0,10.284710453854958,4.534,46.630877197778375,1.6686735852725245,Metal
ZrCu4Ag,0.0,9.047496548877685,4.4661,40.40702433694263,1.6064568692106347,Metal
NdMgCu4,0.0,7.332204242797936,3.0412,22.298699543197085,1.3482795357997892,Metal
YInCu4,0.0,8.224153809577741,0.2774,2.281380266776865,0.3581976807355955,Metal
DyCu4Ag,0.0,9.837932200948945,3.1808,31.292494744778406,1.4954401879702575,Metal
GdCu4Au,0.0,11.312765053264386,2.4421,27.626903536576954,1.441332211290233,Metal
TbCu4Ag,0.0,9.744157806616087,3.0797,30.009082797035564,1.477252721775064,Metal
YbCu4Au,0.0,12.098715460749002,1.9508,23.602174120829154,1.3729520099715116,Metal
ErCu4Au,0.0,11.869807588873325,3.2327,38.3715269925508,1.5840090822654698,Metal
GdInCu4,0.0,9.34371227271572,33.546299999999995,313.4469750142033,2.4961640829453233,Metal
NdCu4Ag,0.0,9.085505792991452,2.2017,20.00355810442928,1.3011072520501825,Metal
ErCu4Ag,0.0,10.084214208289564,3.2418,32.69100562043311,1.5144282802845923,Metal
ErCu4Pd,0.0,10.385437819169367,4.8921,50.80660035515846,1.705920135741871,Metal
YbCu4Ag,0.0,10.295653738530847,1.8723,19.276552494651305,1.2850293653352896,Metal
YbCu4Pd,0.0,10.61034339356568,1.5387,16.32613537967951,1.212883393440348,Metal
TbCu4Au,0.0,11.498788962829817,2.8929,33.26484659057038,1.5219855249268461,Metal
DyInCu4,0.0,9.60301051942028,0.2916,2.800237867462954,0.4471949242644557,Metal
HoCdCu4,0.0,9.75432442981541,3.0087,29.347835911985626,1.4675760822074597,Metal
ErCdCu4,0.0,9.857502176843544,3.0575,30.13931290569914,1.4791333473607855,Metal
YbCdCu4,0.0,10.065608890947324,3.7879,38.12751991801937,1.5812385566267972,Metal
TmCdCu4,0.0,9.958646610064783,3.129,31.160605242892704,1.4936058845313092,Metal
SmInCu4,0.0,9.108482092076112,0.0,0.0,-10.0,Metal
ErInCu4,0.0,9.802449433615301,0.4074,3.9935178992548734,0.6013556353250522,Metal
DyCu4Pd,0.0,10.174652235448903,4.7655,48.48730522803175,1.685628048065344,Metal
YbTlCu4,0.0,11.50253771023219,3.2787,37.71337039053828,1.5764953464243907,Metal
TbCu4Pd,0.0,10.038158646818482,4.5317,45.48992353978731,1.6579152068622056,Metal
YMgCu4,0.0,6.628581398413487,2.7082,17.951524143183406,1.2541013275058104,Metal
ScInCu4,0.0,7.975080582521455,0.5985,4.773085728639091,0.6787992347400069,Metal
TbInCu4,0.0,9.480349695940383,0.2213,2.098001387711607,0.3218057711400574,Metal
MgInCu4,0.0,7.692928541576738,2.7887,21.45326982389505,1.331493495042507,Metal
MgCu4Sn,0.0,7.745156254011222,0.8959,6.938885487968655,0.841289720418621,Metal
SmCu4Ag,0.0,9.36362997033622,3.9737,37.208256413125035,1.5706393193669577,Metal
CeYCu4,0.0,7.364434180568661,6.633,48.848291919711926,1.6888493823276758,Metal
Na3(CuS)4,0.0,3.898590768008424,4.7012,18.328054918561204,1.2631163775145897,Metal
Nd(Cu2P)2,0.0,7.4404406198958295,6.6084,49.1694077925196,1.6916949775814716,Metal
BaCu4S3,0.030799999999999002,5.619546983876272,0.0,3.0972244507063365,0.49097267911027037,Semiconductor
LaAlCu4,0.0,7.189576376066591,2.6545,19.084730490268765,1.2806860313339983,Metal
CeGaCu4,0.0,8.202237139189185,7.4628000000000005,61.21165532234105,1.7868341241108752,Metal
Zr3(CuSi)4,0.0,6.511596050828708,6.1242,39.87831653448517,1.6007368162601785,Metal
Y3(CuSn)4,0.0,7.304755128644803,2.8625,20.90986155574575,1.3203511573642386,Metal
Yb3(CuGe)4,0.0,9.598853652836453,5.0844,48.80441151248166,1.6884590803834063,Metal
Tm3(CuSi)4,0.0,8.189909992884855,2.544,20.835131021899073,1.3187962358685208,Metal
Y3(CuGe)4,0.0,6.8488165176812315,2.7793,19.034915747591448,1.279550958881215,Metal
Sm3(CuGe)4,0.0,8.074777027384357,2.7929,22.552044759781772,1.3531859248248075,Metal
Sc3(CuSi)4,0.0,5.066269087859295,2.8009,14.190113088185099,1.1519858565866128,Metal
Yb3(CuSi)4,0.0,8.374681289357248,5.159,43.20498077179404,1.63553381619129,Metal
Dy3(CuSn)4,0.0,8.993418905472712,2.7519,24.748989485970355,1.3935574711652294,Metal
Dy3(CuGe)4,0.0,8.987819572991345,2.3519,21.138452853718345,1.325073197652677,Metal
Ce3(CuGe)4,0.0,7.792966092504516,9.9313,77.3942841544901,1.8887088876624238,Metal
Ho3(CuSi)4,0.0,7.908046616474293,2.7587,21.81592820086763,1.3387736956167933,Metal
Ho3(CuGe)4,0.0,9.127438130094632,2.7022,24.664163315141714,1.392066387435021,Metal
Tb3(CuGe)4,0.0,8.810115424864799,2.362,20.809492633530656,1.3182614915955446,Metal
U3(CuGe)4,0.0,10.54056217071128,21.0781,222.1750234904694,2.3466952347582737,Metal
Nd3(CuGe)4,0.0,7.872998935192094,2.7257,21.45943319765309,1.3316182468778819,Metal
Er3(CuSi)4,0.0,8.071508489157404,2.6211,21.156230900930474,1.325438298302334,Metal
Er3(CuGe)4,0.0,9.282983266306102,2.7279,25.323050052156415,1.4035160133946396,Metal
Tm3(CuGe)4,0.0,9.415608282628803,2.7589,25.976721690944604,1.4145843414511923,Metal
Tb3(CuSn)4,0.0,8.834701731235208,2.619,23.13808383410501,1.3643273902817434,Metal
Gd3(CuGe)4,0.0,8.613307166947582,3.1591,27.210298671104105,1.4347333087971763,Metal
Nd3(CuSn)4,0.0,8.042541978379953,2.6113,21.001489868143572,1.3222501051437046,Metal
Pr3(CuSn)4,0.0,7.846156083517951,2.6001,20.400790432755024,1.3096469945816305,Metal
Nb5(CuSi)4,0.0,7.374081752186853,4.7871,35.30046675589368,1.5477804478300972,Metal
Cu4SiP8,1.2078,4.178131484329747,0.0,2.986233623154825e-10,-9.3994372519793,Semiconductor
TbCu5,0.0,9.074176620466746,2.6778,24.298830154285852,1.385585365379189,Metal
NdCu5,0.0,8.479588402846812,3.5972,30.50277540272055,1.4843393569629237,Metal
DyCu5,0.0,9.20239888390735,2.9547,27.190327982281044,1.4344144462811061,Metal
YbCu5,0.0,9.60161507333768,1.9368,18.59640807404042,1.2694290676467181,Metal
CaCu5,0.0,6.7080430315084385,2.4674,16.55142537594392,1.2188354003047768,Metal
EuCu5,0.0,8.587237542803393,2.6487,22.745016079623348,1.3568862481931294,Metal
SmCu5,0.0,8.73082436670585,3.6976,32.28309617833155,1.5089751799758335,Metal
PrCu5,0.0,8.336001126563204,3.8546,32.131949942450525,1.5069370817168923,Metal
LaCu5,0.0,8.172189347541556,3.9106,31.95816366249601,1.5045818165082308,Metal
SrCu5,0.0,7.156253975356174,3.0643,21.928909056683924,1.3410170264607448,Metal
YCu5,0.0,7.723802651891214,3.1087,24.010985303934216,1.3804099819364581,Metal
HoCu5,0.0,9.294387428276604,3.0887,28.707574449717946,1.4579964997915158,Metal
GdCu5,0.0,8.945796878900655,38.0654,340.525336514105,2.532149430783154,Metal
TmCu5,0.0,9.782347668649662,2.7903,27.29568469983315,1.436093992859716,Metal
LuCu5,0.0,10.001923876666803,3.3025,33.03135360269212,1.518926371153662,Metal
Zn8Cu5,0.0,8.354240429106829,3.5808,29.914864128545734,1.4758870346454425,Metal
YbAlCu5,0.0,8.883952916558318,2.496,22.17434647972956,1.3458508292078832,Metal
YAl7Cu5,0.0,5.224770016207838,3.3237,17.365568102869993,1.2396889955332926,Metal
Eu2(CuNi)5,0.0,8.865189742449285,7.9105,70.12808345764508,1.8458919701536067,Metal
Cu5Sn2Se7,0.0,5.783632413208973,5.5066,31.848150246576527,1.5030842134063802,Metal
Cu5Sn2Te7,0.0,6.130480242099703,4.8816,29.92655234983391,1.4760566873833614,Metal
CeCu5Ag,0.0,8.716353839022453,35.5561,309.91954873566624,2.491248971012783,Metal
TmCu5Sn,0.0,9.61755107685741,4.3345,41.68727514263845,1.6200035087231424,Metal
CeCu5Au,0.0,10.208775649803712,25.002699999999997,255.24695493934726,2.406960569717289,Metal
ThCu5Sn,0.0,10.01175226491615,8.4917,85.01679670798848,1.9295047374435095,Metal
ThInCu5,0.0,9.986781641206223,10.4862,104.7233896460167,2.0200436908457893,Metal
Cs2Cu5Se4,0.0,5.808410775519467,9.2285,53.6029188418814,1.7291884389922494,Metal
K2(CuTe)5,0.0,5.552762132820822,6.6272,36.79926520663015,1.5658391469385065,Metal
Cu5Si2S7,0.0,4.07487400791975,21.625,88.11915042126459,1.94507030135785,Metal
CeCu6,0.0,8.542747544520381,26.909399999999998,229.8802107745167,2.361501586661638,Metal
ThCu6,0.0,9.99822498277945,9.4946,94.92914692149776,1.9773995781144817,Metal
Eu2Cu6P5,0.0,6.854596727657965,2.1871,14.991688503060736,1.1758505498801592,Metal
Ca2Cu6P5,0.0,5.262280191862576,2.759,14.518631049348848,1.1619256690019357,Metal
In(Cu3O4)2,0.0,5.408072975033539,10.491299999999999,56.737716002969364,1.7538718491329286,Metal
Cu6PbO8,0.0,6.048084799489839,10.7028,64.73144199197985,1.811115281700888,Metal
Mn(Cu3O4)2,0.0,5.082397791888261,6.9107,35.12292642040221,1.545590693889187,Metal
UAl5Cu6,0.0,7.15303835074642,16.6026,118.75903452210251,2.07466665824546,Metal
Y(InCu)6,0.0,8.482839781693395,3.2726,27.760941469569804,1.4434341904625438,Metal
Tm(AlCu)6,0.0,6.457994067793057,3.1656,20.4434260210057,1.3105536790056664,Metal
Lu(AlCu)6,0.0,6.536404519710505,3.1645,20.684452102623894,1.315644021633993,Metal
Gd(AlCu)6,0.0,6.252536574934423,48.9553,306.09480378688716,2.485855957151099,Metal
La2Al3Cu7,0.0,6.753421855487177,6.7191,45.3769167892039,1.6568349836846188,Metal
Zr6Zn16Cu7,0.0,7.484531696120888,12.6819,94.91808251703549,1.9773489562558098,Metal
Hf3Cu8,0.0,11.292252129764158,19.7881,223.45221436898615,2.3491846627936925,Metal
Rb3(Cu4S3)2,0.0,4.881600437156468,5.0194,24.502705234263175,1.3892140355277083,Metal
Rb3(Cu4Se3)2,0.0,5.705879643210832,5.5837,31.85992016379632,1.503244683190702,Metal
Ca3(Cu2Sn)4,0.0,6.647473817380656,13.4542,89.43644223380282,1.9515145147271002,Metal
Zr6Be15Cu8,0.0,5.742831950430132,11.764,67.55867506486007,1.8296811237642898,Metal
Be15(Nb3Cu4)2,0.0,6.309326316679493,9.2447,58.327828999806904,1.765875812005067,Metal
Ta6Be15Cu8,0.0,9.193184275324517,2.109,19.388425636659406,1.287542545281527,Metal
Ba(Cu2P)4,0.0,6.457050745873904,4.2975,27.749175580393104,1.4432500848943273,Metal
Ba(Cu2As)4,0.0,7.32773739886947,4.8787,35.749832447864485,1.5532740106938834,Metal
SrCu9Si4,0.0,6.63156612157835,4.6144,30.600698711411138,1.4857313429224093,Metal
BaCu9Si4,0.0,6.882012333713092,5.1149,35.20080488570909,1.5465525939744096,Metal
SrCu9Ge4,0.0,7.6332262519157315,4.54,34.65484718369742,1.539763988094962,Metal
BaCu9Ge4,0.0,7.851803664215283,5.6501,44.36347588318277,1.6470255658312913,Metal
SrCu9Sn4,0.0,7.917743366633129,4.0187,31.819035267488555,1.5026870079845316,Metal
BaCu9Sn4,0.0,8.170154742081996,4.7094,38.476526742360946,1.5851958615813833,Metal
YMg2Cu9,0.0,6.889311621949017,13.4593,92.72531191329841,1.9671983029015907,Metal
PrMg2Cu9,0.0,7.229122760457431,17.2565,124.74935691583364,2.0960383155092046,Metal
NdMg2Cu9,0.0,7.297302159093146,9.2074,67.18917989963423,1.8272993401938624,Metal
SmMg2Cu9,0.0,7.416446242891659,13.6373,101.14030234818642,2.0049242475761,Metal
EuMg2Cu9,0.0,7.161102876464199,6.040900000000001,43.25950636643258,1.6360815594046414,Metal
DyMg2Cu9,0.0,7.640373196327269,18.7603,143.33569327505847,2.156354351333935,Metal
HoMg2Cu9,0.0,7.677348154840657,13.5205,103.8015857275231,2.01620398807406,Metal
LaMg2Cu9,0.0,7.15270352894901,12.9426,92.57458069377546,1.9664917536380504,Metal
TbMg2Cu9,0.0,7.579859573309337,15.6685,118.76502972439734,2.0746885817779943,Metal
In7Cu10,0.0,8.7186956247003,8.0393,70.09220973565313,1.8456697518214165,Metal
Zr7Cu10,0.0,7.725606948187926,44.324,342.4298023714816,2.53457155519402,Metal
Cu12Sb4S13,0.0,5.066963657221486,35.4956,179.85491519127098,2.2549223109970167,Metal
LaBeCu12,0.0,8.064324252331732,9.1924,74.1304942571342,1.8699968957439443,Metal
LaCu13,0.0,8.497473564313852,10.2254,86.89006618453486,1.9389701280274796,Metal
Cu15Si4,0.0,7.976279982161142,9.9147,79.08242313913307,1.8980799679238196,Metal
Zr6Al7Cu16,0.0,6.97915842408369,11.4345,79.80318700018495,1.9020202355737839,Metal
Er6Al7Cu16,0.0,8.021967599194868,11.6769,93.67171345903856,1.9716084644922858,Metal
Dy6Al7Cu16,0.0,7.784422600573778,12.565100000000001,97.81204841846959,1.990392354168129,Metal
Tm6Al7Cu16,0.0,8.247751123001501,12.5174,103.240399907059,2.0138496781377753,Metal
La5Cu19P12,0.0,6.7626026046393815,11.5586,78.16621846598476,1.893019102119104,Metal
